x_px,y_px
271,371
272,2090
272,2154
272,2191
272,2229
272,2261
272,2299
272,2332
273,441
275,371
275,2383
276,2090
276,2154
276,2191
276,2229
276,2261
276,2299
276,2332
277,441
278,305
278,336
279,2383
280,371
280,2090
280,2154
280,2191
280,2229
280,2261
280,2299
280,2332
281,441
282,305
282,336
282,474
282,2455
283,264
283,405
283,505
283,2383
284,371
284,2090
284,2154
284,2191
284,2229
284,2261
284,2299
284,2332
284,2495
284,2526
285,441
289,236
289,240
289,244
289,248
289,252
289,256
289,260
289,264
289,268
289,272
289,276
289,280
289,284
289,288
289,292
289,296
289,300
289,304
289,308
289,312
289,316
289,320
289,324
289,328
289,332
289,336
289,340
289,344
289,352
289,356
289,360
289,364
289,368
289,372
289,376
289,380
289,384
289,388
289,392
289,396
289,400
289,404
289,409
289,413
289,417
289,421
289,425
289,429
289,433
289,437
289,441
289,445
289,449
289,453
289,457
289,461
289,465
289,469
289,473
289,477
289,481
289,485
289,489
289,493
289,497
289,501
289,505
289,509
289,513
289,517
289,521
289,525
289,529
289,533
289,537
289,541
289,545
289,549
289,553
289,557
289,2072
289,2076
289,2080
289,2084
289,2088
289,2092
289,2096
289,2100
289,2146
289,2153
289,2157
289,2161
289,2165
289,2169
289,2173
289,2177
289,2190
289,2194
289,2198
289,2205
289,2209
289,2213
289,2217
289,2221
289,2225
289,2229
289,2233
289,2237
289,2246
289,2250
289,2254
289,2258
289,2262
289,2266
289,2270
289,2274
289,2278
289,2282
289,2286
289,2290
289,2294
289,2305
289,2309
289,2313
289,2317
289,2321
289,2325
289,2329
289,2333
289,2337
289,2341
289,2345
289,2349
289,2353
289,2364
289,2368
289,2372
289,2376
289,2380
289,2384
289,2388
289,2392
289,2396
289,2400
289,2404
289,2408
289,2412
289,2423
289,2427
289,2431
289,2435
289,2439
289,2443
289,2447
289,2451
289,2455
289,2459
289,2463
289,2467
289,2471
289,2482
289,2486
289,2490
289,2494
289,2498
289,2502
289,2506
289,2510
289,2514
289,2518
289,2522
289,2526
289,2530
289,2541
289,2545
289,2549
289,2553
289,2557
289,2561
289,2565
289,2569
289,2573
290,576
290,2590
293,264
293,305
293,336
293,371
293,405
293,441
293,474
293,505
293,540
293,611
293,642
293,686
293,717
293,750
293,782
293,830
293,2090
293,2154
293,2332
293,2383
293,2455
293,2495
293,2526
293,2557
294,576
295,2122
297,264
297,305
297,336
297,371
297,405
297,441
297,474
297,505
297,540
297,611
297,642
297,717
297,750
297,782
297,830
297,2090
297,2154
297,2332
297,2383
297,2495
297,2526
297,2557
298,576
298,2191
298,2229
298,2261
298,2623
299,865
299,2122
300,2590
301,264
301,305
301,336
301,371
301,405
301,441
301,474
301,505
301,540
301,611
301,642
301,717
301,750
301,782
301,830
301,2090
301,2154
301,2332
301,2383
301,2455
301,2495
301,2526
301,2557
302,576
302,2191
302,2229
302,2261
302,2623
303,865
304,2590
305,264
305,305
305,336
305,371
305,405
305,441
305,474
305,505
305,540
305,611
305,642
305,717
305,750
305,782
305,830
305,2090
305,2154
305,2332
305,2383
305,2455
305,2495
305,2526
305,2557
306,576
306,2191
306,2229
306,2261
306,2623
307,865
307,2688
308,2590
309,264
309,305
309,336
309,371
309,405
309,441
309,474
309,505
309,540
309,611
309,642
309,717
309,750
309,782
309,830
309,2090
309,2154
309,2332
309,2383
309,2455
309,2495
309,2526
309,2557
310,576
310,2191
310,2229
310,2261
310,2623
311,686
311,865
311,2688
311,2723
312,2590
312,2759
312,2794
313,264
313,305
313,336
313,371
313,441
313,474
313,505
313,540
313,611
313,642
313,717
313,750
313,782
313,830
313,2090
313,2154
313,2332
313,2383
313,2455
313,2495
313,2526
313,2557
314,576
314,2191
314,2229
314,2261
314,2623
315,686
315,865
315,2688
315,2723
316,2590
316,2759
316,2794
320,242
320,246
320,250
320,254
320,258
320,262
320,266
320,270
320,274
320,278
320,282
320,286
320,290
320,295
320,299
320,303
320,307
320,311
320,315
320,319
320,323
320,327
320,331
320,335
320,339
320,343
320,347
320,352
320,356
320,360
320,364
320,368
320,372
320,376
320,380
320,384
320,388
320,392
320,396
320,400
320,404
320,409
320,413
320,417
320,421
320,425
320,429
320,433
320,437
320,441
320,445
320,449
320,453
320,457
320,461
320,466
320,470
320,474
320,478
320,482
320,486
320,490
320,494
320,498
320,502
320,506
320,510
320,514
320,518
320,522
320,526
320,530
320,534
320,538
320,542
320,546
320,550
320,554
320,558
320,562
320,566
320,570
320,577
320,581
320,585
320,589
320,593
320,597
320,601
320,605
320,609
320,613
320,617
320,621
320,625
320,629
320,634
320,638
320,642
320,646
320,650
320,654
320,658
320,662
320,666
320,670
320,674
320,678
320,682
320,686
320,690
320,694
320,698
320,702
320,706
320,710
320,714
320,718
320,722
320,726
320,730
320,734
320,738
320,742
320,746
320,750
320,754
320,758
320,762
320,766
320,770
320,774
320,778
320,782
320,786
320,790
320,794
320,798
320,802
320,806
320,810
320,814
320,818
320,822
320,826
320,830
320,834
320,838
320,842
320,846
320,850
320,854
320,861
320,865
320,869
320,873
320,2072
320,2076
320,2080
320,2084
320,2088
320,2092
320,2096
320,2100
320,2104
320,2108
320,2112
320,2116
320,2128
320,2132
320,2136
320,2140
320,2144
320,2148
320,2152
320,2156
320,2160
320,2164
320,2168
320,2172
320,2176
320,2186
320,2190
320,2194
320,2198
320,2202
320,2206
320,2210
320,2214
320,2218
320,2222
320,2226
320,2230
320,2234
320,2245
320,2249
320,2253
320,2257
320,2261
320,2265
320,2269
320,2273
320,2277
320,2281
320,2285
320,2289
320,2293
320,2303
320,2307
320,2311
320,2315
320,2319
320,2323
320,2327
320,2331
320,2335
320,2339
320,2343
320,2347
320,2351
320,2362
320,2366
320,2370
320,2374
320,2378
320,2382
320,2386
320,2390
320,2394
320,2398
320,2402
320,2406
320,2410
320,2421
320,2425
320,2429
320,2433
320,2437
320,2441
320,2445
320,2449
320,2453
320,2457
320,2461
320,2465
320,2469
320,2480
320,2484
320,2488
320,2492
320,2496
320,2500
320,2504
320,2508
320,2512
320,2516
320,2520
320,2524
320,2528
320,2540
320,2544
320,2548
320,2552
320,2556
320,2560
320,2564
320,2568
320,2572
320,2576
320,2580
320,2584
320,2588
320,2598
320,2602
320,2606
320,2610
320,2614
320,2618
320,2622
320,2626
320,2630
320,2634
320,2638
320,2642
320,2646
320,2650
320,2658
320,2662
320,2666
320,2670
320,2674
320,2678
320,2682
320,2686
320,2690
320,2694
320,2698
320,2702
320,2706
320,2717
320,2721
320,2725
320,2729
320,2733
320,2737
320,2741
320,2745
320,2749
320,2753
320,2757
320,2761
320,2765
320,2769
320,2776
320,2780
320,2784
320,2788
320,2792
320,2796
320,2800
324,264
324,305
324,336
324,371
324,441
324,474
324,505
324,540
324,611
324,642
324,686
324,717
324,750
324,782
324,830
324,865
324,2090
324,2154
324,2191
324,2229
324,2261
324,2332
324,2383
324,2455
324,2495
324,2526
324,2557
324,2590
324,2623
324,2688
324,2723
324,2759
324,2794
328,264
328,305
328,336
328,371
328,405
328,441
328,474
328,505
328,540
328,611
328,642
328,686
328,717
328,750
328,782
328,830
328,865
328,2090
328,2154
328,2191
328,2229
328,2261
328,2332
328,2383
328,2455
328,2495
328,2526
328,2557
328,2590
328,2623
328,2688
328,2723
328,2759
332,305
332,336
332,371
332,441
332,474
332,505
332,540
332,611
332,642
332,686
332,717
332,750
332,782
332,830
332,865
332,2090
332,2154
332,2191
332,2229
332,2261
332,2332
332,2383
332,2455
332,2495
332,2526
332,2557
332,2590
332,2623
332,2688
332,2723
332,2759
335,264
336,305
336,336
336,371
336,441
336,474
336,505
336,611
336,642
336,717
336,750
336,782
336,830
336,865
336,2090
336,2154
336,2191
336,2229
336,2261
336,2332
336,2383
336,2455
336,2495
336,2526
336,2557
336,2590
336,2623
336,2688
336,2723
336,2759
338,405
339,264
340,305
340,336
340,371
340,441
340,474
340,505
340,540
340,611
340,642
340,717
340,750
340,782
340,830
340,865
340,2090
340,2154
340,2191
340,2229
340,2261
340,2332
340,2383
340,2455
340,2495
340,2526
340,2557
340,2590
340,2623
340,2688
340,2723
340,2759
342,405
343,264
344,305
344,336
344,371
344,441
344,474
344,505
344,540
344,611
344,642
344,717
344,750
344,782
344,830
344,865
344,2090
344,2154
344,2191
344,2229
344,2261
344,2332
344,2383
344,2455
344,2495
344,2526
344,2557
344,2590
344,2623
344,2688
344,2723
344,2759
347,264
347,686
348,2090
351,245
351,249
351,253
351,257
351,261
351,265
351,269
351,273
351,277
351,281
351,285
351,289
351,293
351,297
351,301
351,305
351,309
351,313
351,317
351,321
351,325
351,329
351,333
351,337
351,341
351,345
351,352
351,356
351,360
351,364
351,368
351,372
351,376
351,380
351,384
351,388
351,392
351,396
351,400
351,404
351,408
351,412
351,416
351,420
351,424
351,428
351,432
351,436
351,440
351,444
351,448
351,452
351,456
351,464
351,468
351,472
351,476
351,480
351,484
351,488
351,492
351,496
351,500
351,504
351,508
351,512
351,516
351,521
351,525
351,529
351,533
351,537
351,541
351,545
351,549
351,553
351,557
351,561
351,565
351,569
351,573
351,577
351,581
351,585
351,589
351,593
351,597
351,601
351,605
351,609
351,613
351,617
351,621
351,625
351,634
351,638
351,642
351,646
351,650
351,654
351,658
351,662
351,666
351,670
351,674
351,678
351,682
351,686
351,690
351,694
351,698
351,702
351,706
351,710
351,714
351,718
351,722
351,726
351,730
351,734
351,738
351,742
351,746
351,750
351,754
351,758
351,762
351,766
351,770
351,774
351,778
351,782
351,786
351,790
351,794
351,803
351,807
351,811
351,815
351,819
351,823
351,827
351,831
351,835
351,839
351,843
351,847
351,851
351,860
351,864
351,868
351,872
351,2072
351,2076
351,2080
351,2084
351,2168
351,2188
351,2192
351,2196
351,2200
351,2215
351,2219
351,2223
351,2227
351,2231
351,2264
351,2268
351,2272
351,2276
351,2280
351,2284
351,2288
351,2292
351,2304
351,2308
351,2312
351,2316
351,2320
351,2324
351,2328
351,2332
351,2336
351,2340
351,2344
351,2348
351,2352
351,2361
351,2365
351,2369
351,2373
351,2377
351,2381
351,2385
351,2389
351,2393
351,2397
351,2401
351,2405
351,2409
351,2413
351,2420
351,2424
351,2428
351,2432
351,2436
351,2440
351,2444
351,2448
351,2452
351,2456
351,2460
351,2464
351,2468
351,2479
351,2483
351,2487
351,2491
351,2495
351,2499
351,2503
351,2507
351,2511
351,2515
351,2519
351,2523
351,2527
351,2538
351,2542
351,2546
351,2550
351,2556
351,2560
351,2564
351,2568
351,2572
351,2576
351,2580
351,2584
351,2588
351,2598
351,2602
351,2606
351,2610
351,2614
351,2618
351,2622
351,2626
351,2630
351,2634
351,2638
351,2642
351,2646
351,2657
351,2661
351,2665
351,2669
351,2673
351,2677
351,2681
351,2685
351,2689
351,2693
351,2697
351,2701
351,2705
351,2716
351,2720
351,2724
351,2728
351,2732
351,2736
351,2740
351,2744
351,2748
351,2752
351,2756
351,2760
351,2764
351,2768
351,2775
352,2090
353,2154
355,264
355,305
355,336
355,371
355,405
355,441
355,474
355,505
355,540
355,576
355,611
355,642
355,717
355,750
355,782
355,830
355,865
355,2191
355,2229
355,2332
355,2623
355,2688
355,2723
355,2759
356,2090
356,2261
357,2154
357,2557
359,264
359,305
359,336
359,371
359,405
359,441
359,474
359,505
359,540
359,576
359,611
359,642
359,717
359,750
359,782
359,830
359,865
359,2191
359,2229
359,2332
359,2495
359,2623
359,2688
359,2723
359,2759
360,686
360,2090
360,2261
360,2383
360,2455
360,2526
361,2154
361,2557
362,2590
363,264
363,305
363,336
363,371
363,405
363,441
363,474
363,505
363,540
363,576
363,611
363,642
363,717
363,750
363,782
363,830
363,865
363,2191
363,2229
363,2332
363,2495
363,2623
363,2688
363,2723
363,2759
364,686
364,2090
364,2261
364,2383
364,2455
364,2526
365,2154
365,2557
366,2590
367,264
367,305
367,336
367,371
367,441
367,474
367,505
367,540
367,576
367,611
367,642
367,717
367,750
367,782
367,830
367,865
367,2191
367,2229
367,2332
367,2495
367,2623
367,2688
367,2723
367,2759
368,686
368,2090
368,2261
368,2383
368,2455
368,2526
369,2154
369,2557
371,264
371,305
371,336
371,371
371,441
371,474
371,505
371,540
371,576
371,611
371,642
371,717
371,750
371,782
371,830
371,865
371,2191
371,2229
371,2332
371,2495
371,2623
371,2688
371,2723
371,2759
372,686
372,2090
372,2261
372,2383
372,2455
372,2526
373,2154
373,2557
375,264
375,305
375,336
375,371
375,441
375,474
375,505
375,540
375,611
375,642
375,717
375,750
375,782
375,830
375,865
375,2191
375,2229
375,2332
375,2495
375,2623
375,2688
375,2723
375,2759
376,2090
376,2261
376,2383
376,2455
376,2526
377,2154
377,2557
378,2299
379,264
379,305
379,336
379,371
379,441
379,474
379,505
379,540
379,611
379,642
379,717
379,750
379,782
379,830
379,865
379,2191
379,2229
379,2332
379,2495
379,2623
379,2688
379,2723
379,2759
380,2090
380,2261
380,2383
380,2455
380,2526
381,2154
381,2557
385,248
385,252
385,256
385,260
385,264
385,268
385,272
385,276
385,280
385,284
385,294
385,298
385,302
385,306
385,310
385,314
385,318
385,322
385,326
385,330
385,334
385,338
385,342
385,346
385,350
385,354
385,358
385,362
385,366
385,370
385,374
385,378
385,382
385,386
385,390
385,394
385,398
385,402
385,407
385,411
385,415
385,419
385,423
385,427
385,431
385,435
385,439
385,443
385,447
385,451
385,455
385,459
385,463
385,467
385,471
385,475
385,479
385,483
385,487
385,491
385,495
385,499
385,503
385,507
385,511
385,515
385,521
385,525
385,529
385,533
385,537
385,541
385,545
385,549
385,553
385,557
385,561
385,565
385,569
385,576
385,580
385,584
385,588
385,592
385,596
385,600
385,604
385,608
385,612
385,616
385,620
385,624
385,634
385,638
385,642
385,646
385,650
385,654
385,658
385,662
385,666
385,670
385,674
385,678
385,682
385,688
385,692
385,696
385,700
385,704
385,708
385,712
385,716
385,720
385,724
385,728
385,732
385,736
385,744
385,748
385,752
385,756
385,760
385,764
385,768
385,772
385,776
385,780
385,784
385,788
385,792
385,802
385,806
385,810
385,814
385,818
385,822
385,826
385,830
385,834
385,838
385,842
385,846
385,850
385,854
385,858
385,862
385,866
385,870
385,874
385,2072
385,2076
385,2080
385,2084
385,2088
385,2092
385,2096
385,2100
385,2104
385,2108
385,2112
385,2116
385,2120
385,2124
385,2128
385,2132
385,2136
385,2140
385,2144
385,2148
385,2152
385,2156
385,2160
385,2164
385,2168
385,2172
385,2176
385,2184
385,2188
385,2192
385,2196
385,2200
385,2204
385,2208
385,2212
385,2216
385,2220
385,2224
385,2228
385,2232
385,2242
385,2246
385,2250
385,2254
385,2258
385,2262
385,2266
385,2270
385,2274
385,2278
385,2282
385,2286
385,2290
385,2294
385,2301
385,2305
385,2309
385,2313
385,2317
385,2321
385,2325
385,2329
385,2333
385,2337
385,2341
385,2345
385,2349
385,2353
385,2357
385,2361
385,2365
385,2369
385,2373
385,2377
385,2381
385,2385
385,2389
385,2393
385,2397
385,2401
385,2405
385,2409
385,2418
385,2422
385,2426
385,2430
385,2434
385,2438
385,2442
385,2446
385,2450
385,2454
385,2458
385,2462
385,2466
385,2470
385,2477
385,2481
385,2485
385,2489
385,2493
385,2497
385,2501
385,2505
385,2509
385,2513
385,2517
385,2521
385,2525
385,2529
385,2538
385,2542
385,2546
385,2550
385,2554
385,2558
385,2562
385,2566
385,2570
385,2574
385,2578
385,2582
385,2586
385,2596
385,2600
385,2604
385,2608
385,2612
385,2616
385,2620
385,2624
385,2628
385,2632
385,2636
385,2640
385,2644
385,2648
385,2655
385,2659
385,2663
385,2667
385,2671
385,2675
385,2679
385,2683
385,2687
385,2691
385,2695
385,2699
385,2703
385,2707
385,2711
385,2715
385,2719
385,2723
385,2727
385,2731
385,2735
385,2739
385,2743
385,2747
385,2751
385,2755
385,2759
385,2763
385,2767
389,336
389,371
389,441
389,474
389,505
389,540
389,611
389,642
389,717
389,750
389,782
389,830
389,865
389,2090
389,2122
389,2154
389,2191
389,2229
389,2261
389,2332
389,2383
389,2417
389,2455
389,2495
389,2526
389,2557
389,2623
389,2655
389,2688
389,2723
389,2759
390,2299
390,2590
391,264
392,305
393,336
393,474
393,505
393,540
393,611
393,642
393,717
393,750
393,782
393,830
393,865
393,2090
393,2122
393,2154
393,2191
393,2229
393,2261
393,2332
393,2383
393,2417
393,2455
393,2495
393,2526
393,2557
393,2623
393,2655
393,2688
393,2723
393,2759
394,371
394,2299
394,2590
395,264
396,305
396,441
397,336
397,474
397,505
397,540
397,611
397,642
397,717
397,750
397,782
397,830
397,865
397,2090
397,2154
397,2191
397,2229
397,2261
397,2332
397,2383
397,2417
397,2455
397,2495
397,2526
397,2557
397,2623
397,2655
397,2688
397,2723
397,2759
398,371
398,405
398,2299
398,2590
399,264
400,305
400,441
400,686
401,336
401,474
401,505
401,540
401,576
401,611
401,642
401,717
401,750
401,782
401,830
401,865
401,2090
401,2154
401,2191
401,2229
401,2261
401,2332
401,2383
401,2455
401,2495
401,2526
401,2557
401,2623
401,2655
401,2688
401,2723
401,2759
402,371
402,405
402,2299
402,2590
403,264
404,305
404,441
404,686
405,336
405,474
405,505
405,540
405,576
405,611
405,642
405,717
405,750
405,782
405,830
405,865
405,2090
405,2154
405,2191
405,2229
405,2261
405,2332
405,2383
405,2455
405,2495
405,2526
405,2557
405,2623
405,2655
405,2688
405,2723
405,2759
406,371
406,405
407,264
408,305
408,441
408,686
409,336
409,474
409,505
409,540
409,576
409,611
409,642
409,717
409,750
409,782
409,830
409,865
409,2090
409,2154
409,2191
409,2229
409,2261
409,2332
409,2383
409,2455
409,2495
409,2526
409,2557
409,2623
409,2655
409,2688
409,2723
409,2759
410,371
410,405
411,264
412,305
412,441
412,686
413,336
413,474
413,505
413,540
413,611
413,642
413,717
413,750
413,782
413,830
413,865
413,2090
413,2154
413,2191
413,2229
413,2261
413,2383
413,2455
413,2495
413,2526
413,2557
413,2623
413,2688
413,2723
413,2759
414,371
414,405
415,264
415,2122
416,305
416,441
416,576
416,686
417,336
417,474
417,505
417,540
417,611
417,642
417,717
417,750
417,782
417,830
417,865
417,2090
417,2154
417,2191
417,2229
417,2261
417,2383
417,2455
417,2495
417,2526
417,2557
417,2623
417,2723
418,371
418,405
418,2332
419,264
419,2122
423,248
423,252
423,256
423,260
423,264
423,268
423,272
423,276
423,280
423,284
423,288
423,292
423,296
423,300
423,304
423,308
423,312
423,316
423,320
423,324
423,328
423,332
423,336
423,340
423,344
423,348
423,352
423,356
423,360
423,364
423,368
423,372
423,376
423,380
423,384
423,388
423,392
423,396
423,400
423,404
423,408
423,412
423,416
423,420
423,424
423,428
423,432
423,436
423,440
423,444
423,448
423,452
423,456
423,460
423,464
423,468
423,472
423,476
423,480
423,484
423,488
423,492
423,496
423,500
423,504
423,508
423,512
423,516
423,520
423,524
423,528
423,532
423,536
423,540
423,544
423,548
423,552
423,556
423,560
423,564
423,568
423,575
423,579
423,583
423,587
423,591
423,595
423,599
423,603
423,607
423,611
423,615
423,619
423,623
423,631
423,635
423,639
423,643
423,647
423,651
423,655
423,659
423,663
423,667
423,671
423,675
423,679
423,683
423,687
423,691
423,695
423,699
423,703
423,707
423,711
423,715
423,719
423,723
423,727
423,731
423,735
423,739
423,743
423,747
423,751
423,755
423,759
423,763
423,767
423,771
423,775
423,779
423,783
423,787
423,791
423,795
423,799
423,803
423,807
423,811
423,815
423,819
423,823
423,827
423,831
423,835
423,839
423,843
423,847
423,851
423,855
423,859
423,863
423,867
423,871
423,2072
423,2076
423,2080
423,2084
423,2088
423,2092
423,2096
423,2100
423,2104
423,2108
423,2112
423,2116
423,2120
423,2124
423,2128
423,2132
423,2136
423,2140
423,2144
423,2148
423,2152
423,2156
423,2160
423,2164
423,2168
423,2172
423,2183
423,2187
423,2191
423,2195
423,2199
423,2203
423,2207
423,2211
423,2215
423,2219
423,2223
423,2227
423,2231
423,2242
423,2246
423,2250
423,2254
423,2258
423,2262
423,2266
423,2270
423,2274
423,2278
423,2282
423,2286
423,2290
423,2300
423,2304
423,2308
423,2312
423,2316
423,2320
423,2324
423,2328
423,2332
423,2336
423,2340
423,2344
423,2348
423,2359
423,2363
423,2367
423,2371
423,2375
423,2379
423,2383
423,2387
423,2391
423,2395
423,2399
423,2403
423,2407
423,2418
423,2422
423,2426
423,2430
423,2434
423,2438
423,2442
423,2446
423,2450
423,2454
423,2458
423,2462
423,2466
423,2476
423,2480
423,2484
423,2488
423,2492
423,2496
423,2500
423,2504
423,2508
423,2512
423,2516
423,2520
423,2524
423,2528
423,2532
423,2536
423,2540
423,2544
423,2548
423,2552
423,2556
423,2560
423,2564
423,2568
423,2572
423,2576
423,2580
423,2584
423,2588
423,2595
423,2599
423,2603
423,2607
423,2611
423,2615
423,2619
423,2623
423,2627
423,2631
423,2635
423,2639
423,2643
423,2647
423,2651
423,2655
423,2659
423,2663
423,2667
423,2671
423,2675
423,2679
423,2683
423,2687
423,2691
423,2695
423,2699
423,2703
423,2707
423,2711
423,2715
423,2719
423,2723
423,2727
423,2731
423,2735
423,2739
423,2743
423,2747
423,2751
423,2755
423,2759
427,264
427,305
427,336
427,371
427,405
427,441
427,474
427,505
427,540
427,611
427,642
427,686
427,717
427,750
427,782
427,830
427,865
427,2090
427,2122
427,2154
427,2191
427,2229
427,2261
427,2332
427,2383
427,2455
427,2495
427,2526
427,2557
427,2623
427,2655
427,2688
427,2723
427,2759
431,264
431,305
431,336
431,371
431,405
431,441
431,474
431,505
431,540
431,611
431,642
431,686
431,717
431,750
431,782
431,830
431,865
431,2090
431,2154
431,2191
431,2229
431,2261
431,2332
431,2383
431,2455
431,2495
431,2526
431,2557
431,2623
431,2655
431,2688
431,2723
431,2759
432,576
435,264
435,305
435,336
435,371
435,405
435,441
435,474
435,505
435,540
435,611
435,642
435,686
435,717
435,750
435,782
435,830
435,865
435,2090
435,2154
435,2191
435,2229
435,2261
435,2332
435,2383
435,2455
435,2495
435,2526
435,2557
435,2623
435,2655
435,2688
435,2723
436,576
439,264
439,305
439,336
439,371
439,441
439,474
439,505
439,540
439,611
439,642
439,686
439,717
439,750
439,782
439,830
439,865
439,2090
439,2154
439,2191
439,2229
439,2261
439,2332
439,2383
439,2455
439,2495
439,2526
439,2557
439,2623
439,2655
439,2688
439,2723
440,576
441,2417
443,264
443,305
443,336
443,371
443,441
443,474
443,505
443,540
443,611
443,642
443,717
443,750
443,782
443,830
443,865
443,2090
443,2154
443,2191
443,2229
443,2261
443,2332
443,2383
443,2455
443,2495
443,2526
443,2557
443,2623
443,2655
443,2688
443,2723
444,576
445,2417
446,2299
447,305
447,336
447,371
447,441
447,474
447,505
447,540
447,611
447,642
447,717
447,750
447,782
447,830
447,865
447,2090
447,2154
447,2191
447,2229
447,2261
447,2332
447,2383
447,2455
447,2495
447,2526
447,2557
447,2623
447,2655
447,2688
447,2723
448,264
448,576
448,2122
450,2299
451,305
451,336
451,371
451,441
451,750
451,782
451,830
451,865
451,2090
451,2154
451,2191
451,2229
451,2261
451,2332
451,2383
451,2455
451,2495
451,2526
451,2557
451,2623
451,2655
451,2688
451,2723
452,264
452,2122
452,2417
453,474
454,505
454,540
454,717
454,2299
455,305
455,336
455,371
455,441
455,611
455,642
455,750
455,782
455,865
455,2090
455,2154
455,2191
455,2229
455,2261
455,2332
455,2383
455,2455
455,2495
455,2526
455,2557
455,2623
455,2655
455,2688
455,2723
456,264
456,405
456,576
456,686
456,830
456,2417
457,474
458,505
458,540
458,717
458,2299
459,305
459,336
459,371
459,441
459,611
459,642
459,750
459,782
459,2090
459,2154
459,2191
459,2229
459,2261
459,2332
459,2383
459,2455
459,2495
459,2526
459,2557
459,2623
459,2655
459,2688
459,2723
460,264
460,405
460,576
460,686
460,830
460,2417
461,474
462,505
462,540
462,717
462,2299
463,305
463,336
463,371
463,441
463,611
463,642
463,750
463,782
463,2090
463,2154
463,2191
463,2229
463,2261
463,2332
463,2383
463,2455
463,2495
463,2526
463,2557
463,2623
463,2655
463,2688
463,2723
464,264
464,405
464,576
464,686
465,474
466,505
469,249
469,253
469,257
469,261
469,265
469,269
469,273
469,277
469,281
469,285
469,289
469,293
469,297
469,301
469,305
469,309
469,313
469,317
469,321
469,325
469,329
469,333
469,337
469,341
469,346
469,350
469,354
469,358
469,362
469,366
469,370
469,374
469,378
469,382
469,386
469,390
469,394
469,398
469,403
469,407
469,411
469,415
469,419
469,423
469,427
469,431
469,435
469,439
469,443
469,447
469,451
469,455
469,462
469,466
469,470
469,474
469,478
469,482
469,486
469,490
469,494
469,2095
469,2099
469,2103
469,2107
469,2111
469,2115
469,2168
469,2200
469,2204
469,2208
469,2212
469,2216
469,2220
469,2224
469,2228
469,2243
469,2247
469,2251
469,2255
469,2259
469,2263
469,2272
469,2276
469,2280
469,2284
469,2288
469,2300
469,2304
469,2308
469,2312
469,2316
469,2320
469,2324
469,2328
469,2332
469,2336
469,2344
469,2348
469,2360
469,2364
469,2368
469,2372
469,2376
469,2380
469,2384
469,2388
469,2392
469,2396
469,2400
469,2404
469,2408
469,2417
469,2421
469,2425
469,2429
469,2433
469,2437
469,2441
469,2445
469,2449
469,2453
469,2457
469,2511
469,2515
469,2519
469,2523
469,2535
469,2539
469,2543
469,2547
469,2551
469,2555
469,2559
469,2563
469,2567
469,2571
469,2575
469,2579
469,2583
469,2587
469,2593
469,2597
469,2601
469,2605
469,2609
469,2613
469,2617
469,2621
469,2625
469,2629
469,2633
469,2637
469,2641
469,2653
469,2657
469,2661
469,2665
469,2669
469,2673
469,2677
469,2681
469,2685
469,2689
469,2693
469,2697
469,2701
469,2705
469,2709
469,2713
469,2717
469,2721
469,2725
469,2729
469,2733
469,2737
469,2741
469,2745
469,2749
469,2753
470,2090
473,264
473,305
473,336
473,371
473,405
473,441
473,474
473,2154
473,2229
473,2261
473,2332
473,2383
473,2623
473,2688
473,2723
474,2090
474,2191
476,2299
476,2417
476,2557
477,264
477,305
477,336
477,371
477,405
477,441
477,474
477,2154
477,2229
477,2261
477,2332
477,2383
477,2623
478,2191
478,2655
479,2688
479,2723
480,2299
480,2417
480,2557
481,264
481,305
481,336
481,371
481,405
481,441
481,2229
481,2261
481,2332
481,2383
481,2623
482,2655
483,2688
483,2723
484,2557
485,264
485,305
485,336
485,371
485,405
485,441
485,2623
486,2655
487,2688
487,2723
488,2557
489,264
489,305
489,336
489,371
489,405
489,441
489,2623
490,2655
491,2688
491,2723
492,2557
493,264
493,305
493,336
493,371
493,405
493,441
493,2623
494,2655
495,2688
495,2723
496,2557
497,264
497,305
497,336
497,371
497,405
497,441
497,2623
498,2655
499,2688
499,2723
501,305
501,336
501,371
501,405
501,441
501,2623
505,292
505,296
505,300
505,304
505,354
505,391
505,432
505,436
505,2564
505,2568
505,2572
505,2576
505,2580
505,2584
505,2592
505,2596
505,2600
505,2604
505,2608
505,2612
505,2616
505,2620
505,2624
505,2628
505,2632
505,2636
505,2640
505,2644
505,2648
505,2652
505,2656
505,2660
505,2664
505,2668
505,2672
505,2676
505,2680
505,2684
505,2688
505,2692
505,2696
505,2700
505,2704
505,2710
505,2714
505,2718
505,2722
505,2726
505,2730
505,2734
505,2738
505,2742
505,2746
506,264
507,336
507,371
509,305
509,405
509,2623
509,2655
509,2688
509,2723
510,264
511,336
511,371
513,305
513,405
513,2623
513,2655
513,2688
513,2723
514,264
515,336
515,371
517,305
517,405
517,2623
517,2655
517,2688
517,2723
518,264
519,336
519,371
521,305
521,405
521,2623
521,2655
521,2688
521,2723
522,264
523,336
523,371
525,305
525,405
525,2623
525,2655
525,2688
525,2723
526,264
527,336
527,371
529,305
529,405
529,2623
529,2655
529,2688
529,2723
530,264
531,336
531,371
533,305
533,405
533,2623
533,2655
533,2688
533,2723
534,264
535,336
535,371
537,305
537,405
537,2623
537,2655
537,2688
541,254
541,258
541,262
541,266
541,270
541,274
541,278
541,282
541,286
541,290
541,294
541,298
541,302
541,306
541,310
541,314
541,318
541,322
541,326
541,330
541,334
541,338
541,342
541,346
541,350
541,354
541,358
541,362
541,366
541,370
541,374
541,378
541,382
541,386
541,390
541,394
541,398
541,402
541,406
541,410
541,414
541,418
541,422
541,2581
541,2590
541,2594
541,2598
541,2602
541,2606
541,2610
541,2614
541,2618
541,2622
541,2626
541,2630
541,2634
541,2638
541,2642
541,2650
541,2654
541,2658
541,2662
541,2666
541,2670
541,2674
541,2678
541,2682
541,2686
541,2690
541,2694
541,2698
541,2702
541,2708
541,2712
541,2716
541,2720
541,2724
541,2728
541,2732
541,2736
541,2740
541,2744
545,264
545,305
545,336
545,371
545,405
545,2623
545,2655
545,2688
545,2723
549,264
549,305
549,336
549,371
549,405
549,2623
549,2655
549,2688
549,2723
553,264
553,305
553,336
553,371
553,405
553,2623
553,2655
553,2688
553,2723
554,2590
557,305
557,371
557,405
557,2623
557,2655
557,2688
557,2723
558,2590
561,371
561,2623
561,2655
561,2688
561,2723
562,2590
563,264
563,305
564,336
565,371
565,2623
565,2655
565,2688
565,2723
566,405
566,2590
567,264
567,305
568,336
569,371
569,2623
569,2655
569,2688
569,2723
573,254
573,258
573,262
573,266
573,270
573,274
573,278
573,285
573,289
573,293
573,297
573,301
573,305
573,309
573,313
573,317
573,321
573,325
573,329
573,333
573,337
573,341
573,345
573,349
573,353
573,357
573,361
573,365
573,369
573,373
573,377
573,381
573,385
573,389
573,393
573,399
573,403
573,407
573,411
573,415
573,2588
573,2592
573,2596
573,2600
573,2604
573,2608
573,2612
573,2616
573,2620
573,2624
573,2628
573,2632
573,2636
573,2640
573,2648
573,2652
573,2656
573,2660
573,2664
573,2668
573,2672
573,2676
573,2680
573,2684
573,2688
573,2692
573,2696
573,2700
573,2708
573,2712
573,2716
573,2720
573,2724
573,2728
573,2732
573,2736
573,2740
577,264
577,305
577,336
577,371
577,405
577,2590
577,2623
577,2655
577,2688
577,2723
581,264
581,305
581,336
581,371
581,405
581,2623
581,2655
581,2688
581,2723
585,264
585,305
585,336
585,371
585,405
585,2590
585,2623
585,2655
585,2688
585,2723
589,264
589,305
589,336
589,371
589,405
589,2590
589,2623
589,2655
589,2688
589,2723
593,264
593,305
593,336
593,371
593,405
593,2688
593,2723
596,2623
597,264
597,305
597,336
597,371
597,405
597,2590
598,2655
598,2688
600,2623
600,2723
601,264
601,305
601,336
601,371
601,405
601,2590
605,254
605,258
605,262
605,266
605,270
605,274
605,278
605,285
605,289
605,293
605,297
605,301
605,305
605,309
605,313
605,317
605,321
605,325
605,329
605,333
605,337
605,341
605,345
605,349
605,353
605,357
605,361
605,365
605,369
605,373
605,377
605,381
605,385
605,389
605,393
605,397
605,401
605,405
605,409
605,413
605,417
605,421
605,2580
605,2588
605,2592
605,2596
605,2600
605,2604
605,2608
605,2612
605,2616
605,2620
605,2624
605,2628
605,2632
605,2636
605,2640
605,2646
605,2650
605,2654
605,2658
605,2662
605,2666
605,2670
605,2674
605,2678
605,2682
605,2686
605,2690
605,2694
605,2698
605,2706
605,2710
605,2714
605,2718
605,2722
605,2726
605,2730
605,2734
605,2738
609,264
609,305
609,336
609,371
609,405
609,2590
609,2623
609,2655
609,2688
609,2723
613,264
613,305
613,336
613,371
613,405
613,2590
613,2623
613,2655
613,2688
613,2723
617,371
617,405
617,2590
617,2623
617,2655
617,2688
617,2723
618,264
621,305
621,336
621,371
621,2590
621,2623
621,2655
621,2688
621,2723
622,264
624,405
625,305
625,336
625,371
625,2590
625,2623
625,2655
625,2688
625,2723
626,264
628,405
629,305
629,336
629,371
629,2590
629,2623
629,2655
629,2688
629,2723
630,264
632,405
633,305
633,336
633,371
633,2590
633,2623
633,2655
633,2688
633,2723
637,255
637,259
637,263
637,267
637,271
637,275
637,279
637,283
637,287
637,291
637,295
637,299
637,303
637,307
637,311
637,315
637,319
637,323
637,327
637,331
637,335
637,339
637,343
637,347
637,351
637,355
637,359
637,363
637,367
637,371
637,375
637,379
637,383
637,387
637,395
637,399
637,403
637,407
637,411
637,415
637,419
637,423
637,2575
637,2579
637,2587
637,2591
637,2595
637,2599
637,2603
637,2607
637,2611
637,2615
637,2619
637,2623
637,2627
637,2631
637,2635
637,2639
637,2645
637,2649
637,2653
637,2657
637,2661
637,2665
637,2669
637,2673
637,2677
637,2681
637,2685
637,2689
637,2693
637,2697
637,2704
637,2708
637,2712
637,2716
637,2720
637,2724
637,2728
637,2732
637,2736
641,264
641,305
641,336
641,371
641,405
641,2590
641,2623
641,2655
641,2688
641,2723
645,264
645,305
645,336
645,371
645,405
645,2590
645,2623
645,2655
645,2688
645,2723
649,264
649,305
649,336
649,371
649,405
649,2590
649,2623
649,2655
649,2688
649,2723
653,264
653,305
653,336
653,371
653,405
653,2623
653,2655
653,2688
655,2590
657,305
657,336
657,371
657,405
657,2623
657,2655
658,2688
658,2723
659,2590
661,305
661,336
661,371
661,405
661,2623
661,2655
662,2688
662,2723
663,2590
668,269
668,273
668,277
668,284
668,288
668,292
668,296
668,300
668,304
668,308
668,312
668,316
668,320
668,324
668,328
668,332
668,336
668,340
668,344
668,348
668,352
668,356
668,360
668,364
668,368
668,372
668,376
668,380
668,384
668,388
668,393
668,397
668,401
668,405
668,409
668,413
668,417
668,421
668,425
668,2568
668,2572
668,2576
668,2585
668,2589
668,2593
668,2597
668,2601
668,2605
668,2609
668,2613
668,2617
668,2621
668,2625
668,2629
668,2633
668,2637
668,2646
668,2650
668,2654
668,2658
668,2662
668,2666
668,2670
668,2674
668,2678
668,2682
668,2686
668,2690
668,2694
668,2698
668,2702
668,2706
668,2710
668,2714
668,2718
668,2722
668,2726
668,2730
668,2734
672,305
672,336
672,371
672,405
672,2590
672,2623
672,2655
672,2688
672,2723
676,371
676,405
676,2590
676,2623
676,2655
676,2688
676,2723
679,305
680,371
680,2590
680,2623
680,2655
680,2688
680,2723
681,336
682,405
683,305
684,371
684,2590
684,2623
684,2655
684,2688
684,2723
685,336
686,405
687,305
688,371
688,2590
688,2623
688,2655
688,2688
688,2723
689,336
690,405
691,305
692,371
692,2590
692,2623
692,2655
692,2688
692,2723
693,336
694,405
695,305
699,278
699,282
699,286
699,290
699,294
699,298
699,302
699,306
699,310
699,314
699,318
699,322
699,326
699,330
699,334
699,338
699,342
699,346
699,350
699,354
699,358
699,362
699,366
699,370
699,374
699,378
699,382
699,386
699,390
699,394
699,398
699,402
699,406
699,410
699,414
699,418
699,422
699,426
699,430
699,2560
699,2564
699,2568
699,2572
699,2576
699,2585
699,2589
699,2593
699,2597
699,2601
699,2605
699,2609
699,2613
699,2617
699,2621
699,2625
699,2629
699,2633
699,2643
699,2647
699,2651
699,2655
699,2659
699,2663
699,2667
699,2671
699,2675
699,2679
699,2683
699,2687
699,2691
699,2695
699,2702
699,2706
699,2710
699,2714
699,2718
699,2722
699,2726
699,2730
699,2734
703,305
703,336
703,371
703,405
703,2590
703,2623
703,2655
703,2688
703,2723
707,305
707,336
707,371
707,405
707,2590
707,2623
707,2655
707,2688
707,2723
711,305
711,336
711,371
711,405
711,2623
711,2655
711,2688
711,2723
715,305
715,336
715,371
715,405
715,2655
716,2557
716,2590
716,2623
718,2688
718,2723
719,305
719,371
719,405
719,2655
720,2557
720,2590
720,2623
721,336
722,2688
722,2723
723,305
723,371
723,405
723,2655
724,2557
724,2590
724,2623
725,336
726,2688
726,2723
727,305
727,371
727,405
727,2655
728,2557
728,2590
728,2623
729,336
730,2688
730,2723
731,305
731,371
731,405
731,2655
735,283
735,287
735,291
735,295
735,299
735,303
735,307
735,311
735,315
735,330
735,334
735,340
735,344
735,348
735,352
735,376
735,380
735,403
735,407
735,411
735,415
735,419
735,423
735,427
735,431
735,435
735,2554
735,2558
735,2562
735,2566
735,2570
735,2574
735,2583
735,2587
735,2591
735,2595
735,2599
735,2603
735,2607
735,2611
735,2615
735,2619
735,2623
735,2627
735,2631
735,2635
735,2642
735,2646
735,2650
735,2654
735,2658
735,2662
735,2666
735,2670
735,2674
735,2678
735,2682
735,2686
735,2690
735,2694
735,2702
735,2706
735,2710
735,2714
735,2718
735,2722
735,2726
735,2730
737,371
739,305
739,336
739,405
739,2557
739,2590
739,2623
739,2655
739,2688
739,2723
741,371
743,305
743,336
743,405
743,2557
743,2590
743,2623
743,2655
743,2688
743,2723
745,371
747,305
747,336
747,405
747,2557
747,2590
747,2623
747,2655
747,2688
747,2723
749,371
751,305
751,336
751,405
751,2557
751,2590
751,2623
751,2655
751,2688
751,2723
753,371
755,305
755,336
755,405
755,2557
755,2590
755,2623
755,2655
755,2688
755,2723
757,371
759,305
759,336
759,405
759,2557
759,2590
759,2623
759,2655
759,2688
759,2723
761,371
766,287
766,291
766,295
766,299
766,303
766,307
766,311
766,315
766,319
766,323
766,327
766,331
766,335
766,339
766,343
766,347
766,351
766,355
766,359
766,363
766,367
766,371
766,375
766,379
766,383
766,387
766,391
766,395
766,399
766,403
766,407
766,411
766,415
766,419
766,423
766,427
766,431
766,435
766,439
766,2550
766,2554
766,2558
766,2562
766,2566
766,2570
766,2574
766,2581
766,2585
766,2589
766,2593
766,2597
766,2601
766,2605
766,2609
766,2613
766,2617
766,2621
766,2625
766,2629
766,2633
766,2640
766,2644
766,2648
766,2652
766,2656
766,2660
766,2664
766,2668
766,2672
766,2676
766,2680
766,2684
766,2688
766,2692
766,2700
766,2704
766,2708
766,2712
766,2716
766,2720
766,2724
766,2728
770,305
770,336
770,371
770,405
770,2557
770,2688
770,2723
774,305
774,336
774,371
774,405
774,2557
776,2590
776,2623
777,2655
777,2688
778,305
778,336
778,371
778,405
778,2557
778,2723
780,2590
780,2623
781,2655
781,2688
782,305
782,336
782,371
782,405
782,2557
782,2723
784,2590
784,2623
785,2655
785,2688
786,305
786,336
786,371
786,405
786,2557
786,2723
788,2590
788,2623
789,2655
789,2688
790,305
790,336
790,371
790,405
790,2557
790,2723
792,2590
792,2623
793,2655
793,2688
794,305
794,371
794,405
794,2557
794,2723
799,290
799,294
799,298
799,302
799,306
799,310
799,314
799,318
799,322
799,326
799,330
799,334
799,338
799,342
799,346
799,350
799,354
799,358
799,362
799,366
799,370
799,374
799,378
799,382
799,386
799,390
799,394
799,398
799,402
799,406
799,410
799,414
799,418
799,422
799,426
799,430
799,434
799,438
799,2543
799,2547
799,2551
799,2555
799,2559
799,2563
799,2567
799,2571
799,2581
799,2585
799,2589
799,2593
799,2597
799,2601
799,2605
799,2609
799,2613
799,2617
799,2621
799,2625
799,2629
799,2639
799,2643
799,2647
799,2651
799,2655
799,2659
799,2663
799,2667
799,2671
799,2675
799,2679
799,2683
799,2687
799,2691
799,2700
799,2704
799,2708
799,2712
799,2716
799,2720
799,2724
803,305
803,336
803,371
803,405
803,2557
803,2590
803,2623
803,2655
803,2688
803,2723
807,305
807,336
807,371
807,405
807,2557
807,2590
807,2623
807,2655
807,2688
807,2723
808,441
811,305
811,405
811,2557
811,2590
811,2623
811,2655
811,2688
811,2723
812,441
815,305
815,405
815,2557
815,2590
815,2623
815,2688
815,2723
816,441
819,305
819,405
819,2557
819,2590
819,2688
819,2723
820,441
823,305
823,405
823,2557
823,2590
823,2688
823,2723
824,441
827,305
827,405
827,2557
827,2590
827,2688
827,2723
828,441
831,290
831,294
831,298
831,302
831,306
831,310
831,397
831,401
831,405
831,409
831,413
831,417
831,421
831,425
831,429
831,433
831,437
831,445
834,2557
835,305
835,405
835,2590
838,2557
839,305
839,405
839,2590
842,2557
843,305
843,405
843,2590
846,2557
847,405
847,2590
850,2557
851,405
851,2526
851,2590
854,2557
855,405
855,2526
855,2590
856,441
858,2557
859,405
859,2526
859,2590
860,441
864,290
864,294
864,298
864,302
864,404
864,408
864,412
864,416
864,420
864,424
864,428
864,432
864,436
864,446
864,450
864,2523
864,2527
864,2531
864,2535
864,2539
864,2543
864,2547
864,2551
864,2555
864,2559
864,2563
864,2567
864,2571
864,2580
864,2584
864,2588
864,2592
864,2698
864,2702
864,2706
864,2710
864,2714
868,405
868,2526
868,2557
868,2590
870,305
872,405
872,2526
872,2557
872,2590
874,305
876,405
876,2526
876,2557
876,2590
878,305
880,405
880,2526
880,2557
880,2590
882,305
884,405
884,2526
884,2557
884,2590
886,305
888,405
890,305
892,405
892,2526
893,2557
894,305
894,2590
896,405
896,2526
897,2557
898,305
898,2590
900,405
900,2526
904,295
904,299
904,303
904,307
904,311
904,315
904,319
904,323
904,327
904,336
904,374
904,389
904,393
904,397
904,401
904,405
904,409
904,413
904,417
904,421
904,425
904,429
904,433
904,437
904,446
904,450
904,454
904,458
904,2519
904,2523
904,2527
904,2531
904,2535
904,2539
904,2543
904,2547
904,2551
904,2555
904,2559
904,2563
904,2567
904,2578
904,2582
904,2586
904,2590
904,2594
904,2598
904,2602
904,2606
904,2610
904,2614
904,2675
904,2679
908,305
908,336
908,2526
908,2557
908,2590
909,2623
910,371
911,405
912,305
912,336
912,2526
912,2557
912,2590
913,2623
913,2655
914,371
915,405
916,305
916,336
916,2526
916,2557
916,2590
917,2623
917,2655
918,371
919,405
920,305
920,336
920,441
920,2526
920,2557
920,2590
921,2623
921,2655
922,371
923,405
924,305
924,336
924,441
924,2526
924,2557
924,2590
925,2623
925,2655
926,371
927,405
928,305
928,336
928,2526
928,2557
928,2590
929,2623
929,2655
930,371
931,405
935,301
935,305
935,309
935,313
935,317
935,321
935,325
935,332
935,336
935,340
935,344
935,348
935,352
935,356
935,360
935,364
935,368
935,372
935,376
935,380
935,386
935,390
935,394
935,398
935,402
935,406
935,410
935,414
935,418
935,422
935,426
935,430
935,434
935,442
935,446
935,450
935,454
935,458
935,462
935,466
935,2518
935,2522
935,2526
935,2530
935,2534
935,2538
935,2542
935,2546
935,2550
935,2554
935,2558
935,2562
935,2566
935,2577
935,2581
935,2585
935,2589
935,2593
935,2597
935,2601
935,2605
935,2609
935,2613
935,2617
935,2621
935,2625
935,2629
935,2636
935,2640
935,2644
935,2648
935,2652
935,2656
935,2660
935,2664
939,305
939,336
939,371
939,405
939,2526
939,2557
939,2590
939,2623
939,2655
943,305
943,336
943,371
943,405
943,2526
943,2557
943,2590
943,2623
943,2655
947,305
947,336
947,371
947,405
947,2623
951,305
951,336
951,371
951,405
951,2526
951,2623
952,2557
952,2590
954,2655
955,305
955,336
955,371
955,405
955,2526
955,2623
956,2557
956,2590
958,2655
959,305
959,336
959,371
959,405
959,2526
959,2623
960,2557
960,2590
962,2655
963,305
963,336
963,405
963,2526
963,2623
964,2557
964,2590
966,371
966,2655
967,336
967,405
967,2526
967,2623
968,2557
968,2590
973,306
973,310
973,314
973,318
973,322
973,326
973,330
973,334
973,338
973,342
973,346
973,350
973,354
973,358
973,362
973,366
973,370
973,374
973,378
973,384
973,388
973,392
973,396
973,400
973,404
973,408
973,412
973,416
973,420
973,424
973,428
973,432
973,436
973,440
973,444
973,448
973,452
973,456
973,460
973,464
973,468
973,2517
973,2521
973,2525
973,2529
973,2533
973,2537
973,2541
973,2545
973,2549
973,2553
973,2557
973,2561
973,2565
973,2576
973,2580
973,2584
973,2588
973,2592
973,2596
973,2600
973,2604
973,2608
973,2612
973,2616
973,2620
973,2624
973,2635
973,2639
973,2643
973,2647
973,2651
973,2655
973,2659
977,336
977,371
977,405
977,441
977,2526
977,2557
977,2590
977,2623
977,2655
981,336
981,371
981,405
981,441
981,2526
981,2557
981,2590
981,2623
981,2655
985,336
985,371
985,405
985,441
985,2526
985,2557
985,2590
985,2623
985,2655
989,336
989,371
989,405
989,441
989,2526
989,2557
989,2590
989,2623
989,2655
993,336
993,371
993,405
993,441
993,2526
993,2557
993,2590
993,2623
993,2655
997,336
997,371
997,405
997,441
997,2526
997,2557
997,2590
997,2623
997,2655
998,474
1001,336
1001,371
1001,405
1001,441
1001,2526
1001,2557
1001,2590
1001,2623
1001,2655
1002,474
1005,2623
1005,2655
1007,309
1007,313
1007,317
1007,321
1007,325
1007,329
1007,333
1007,337
1007,341
1007,345
1007,349
1007,353
1007,357
1007,361
1007,365
1007,369
1007,373
1007,377
1007,383
1007,387
1007,391
1007,395
1007,399
1007,403
1007,407
1007,411
1007,415
1007,419
1007,423
1007,427
1007,431
1007,435
1007,439
1007,443
1007,447
1007,451
1007,455
1007,459
1007,463
1007,467
1007,471
1007,475
1007,2607
1007,2611
1007,2615
1010,2526
1011,336
1011,371
1011,405
1011,441
1011,474
1011,2557
1011,2590
1012,2623
1014,2526
1014,2655
1015,336
1015,371
1015,405
1015,441
1015,474
1015,2557
1015,2590
1016,2623
1018,2526
1018,2655
1019,405
1019,441
1019,474
1019,2557
1019,2590
1020,2623
1022,2526
1022,2655
1023,2557
1023,2590
1024,336
1024,371
1024,405
1024,2623
1025,474
1026,441
1026,2526
1026,2655
1027,2557
1027,2590
1028,336
1028,371
1028,405
1028,2623
1029,474
1030,441
1030,2526
1030,2655
1031,2557
1031,2590
1032,336
1032,371
1032,405
1032,2623
1033,474
1034,441
1034,2526
1034,2655
1035,2557
1035,2590
1039,309
1039,313
1039,317
1039,321
1039,328
1039,332
1039,336
1039,340
1039,344
1039,348
1039,352
1039,356
1039,360
1039,364
1039,368
1039,372
1039,376
1039,384
1039,388
1039,392
1039,396
1039,400
1039,404
1039,408
1039,412
1039,416
1039,420
1039,424
1039,428
1039,432
1039,438
1039,442
1039,446
1039,450
1039,454
1039,458
1039,462
1039,466
1039,470
1039,474
1039,478
1039,2499
1039,2503
1039,2507
1039,2514
1039,2518
1039,2522
1039,2526
1039,2530
1039,2534
1039,2538
1039,2542
1039,2546
1039,2550
1039,2554
1039,2558
1039,2562
1039,2574
1039,2578
1039,2582
1039,2586
1039,2590
1039,2594
1039,2598
1039,2602
1039,2606
1039,2610
1039,2614
1039,2618
1039,2622
1039,2632
1039,2636
1039,2640
1039,2644
1039,2648
1039,2652
1039,2656
1043,336
1043,371
1043,405
1043,441
1043,474
1043,2526
1043,2557
1043,2590
1043,2623
1043,2655
1047,336
1047,371
1047,405
1047,441
1047,474
1047,2526
1047,2557
1047,2590
1047,2623
1051,336
1051,371
1051,405
1051,441
1051,474
1051,2526
1051,2557
1051,2590
1051,2623
1055,336
1055,371
1055,405
1055,441
1055,474
1055,2526
1055,2557
1055,2590
1055,2623
1056,2495
1059,336
1059,371
1059,405
1059,441
1059,474
1059,2526
1059,2557
1059,2590
1059,2623
1060,2495
1063,336
1063,371
1063,405
1063,441
1063,474
1063,2623
1067,336
1067,371
1067,405
1067,441
1067,474
1069,2495
1069,2526
1069,2557
1070,2590
1071,336
1071,371
1071,405
1071,441
1071,474
1071,2623
1073,2495
1073,2526
1073,2557
1074,2590
1075,336
1075,371
1075,405
1075,441
1075,474
1075,2623
1079,359
1079,363
1079,367
1079,475
1079,479
1079,2490
1079,2494
1079,2498
1079,2502
1079,2506
1079,2514
1079,2518
1079,2522
1079,2526
1079,2530
1079,2534
1079,2538
1079,2542
1079,2546
1079,2550
1079,2554
1079,2558
1079,2562
1079,2572
1079,2576
1079,2580
1079,2584
1079,2588
1079,2592
1079,2596
1079,2600
1079,2604
1079,2608
1079,2612
1079,2616
1079,2620
1079,2631
1079,2635
1079,2639
1079,2643
1079,2647
1079,2651
1081,336
1081,371
1083,405
1083,441
1083,474
1083,2495
1083,2526
1083,2557
1083,2590
1085,336
1085,371
1087,405
1087,441
1087,474
1087,2495
1087,2526
1087,2557
1087,2590
1089,336
1089,371
1091,405
1091,441
1091,474
1091,2495
1091,2526
1091,2557
1091,2590
1093,336
1093,371
1095,405
1095,441
1095,474
1095,2495
1095,2526
1095,2557
1095,2590
1097,336
1097,371
1099,405
1099,441
1099,474
1099,2495
1099,2526
1099,2557
1099,2590
1101,336
1101,371
1103,405
1103,441
1103,474
1103,2495
1103,2526
1103,2557
1103,2590
1105,336
1105,371
1107,405
1107,441
1107,474
1107,2495
1107,2526
1107,2557
1107,2590
1112,318
1112,322
1112,326
1112,330
1112,334
1112,338
1112,342
1112,346
1112,350
1112,354
1112,358
1112,362
1112,366
1112,370
1112,374
1112,381
1112,385
1112,389
1112,393
1112,397
1112,401
1112,405
1112,409
1112,413
1112,417
1112,421
1112,425
1112,429
1112,436
1112,440
1112,444
1112,448
1112,452
1112,456
1112,460
1112,464
1112,468
1112,472
1112,476
1112,480
1112,484
1112,2487
1112,2491
1112,2495
1112,2499
1112,2503
1112,2512
1112,2516
1112,2520
1112,2524
1112,2528
1112,2532
1112,2536
1112,2540
1112,2544
1112,2548
1112,2552
1112,2556
1112,2560
1112,2571
1112,2575
1112,2579
1112,2583
1112,2587
1112,2591
1112,2595
1112,2599
1112,2603
1112,2607
1112,2611
1112,2615
1112,2619
1112,2623
1112,2630
1112,2634
1112,2638
1112,2642
1112,2646
1112,2650
1116,336
1116,371
1116,405
1116,441
1116,474
1116,2495
1116,2526
1116,2557
1116,2590
1116,2623
1120,336
1120,371
1120,405
1120,441
1120,474
1120,2495
1120,2526
1120,2557
1120,2590
1124,336
1124,371
1124,405
1124,441
1124,474
1124,2557
1124,2590
1126,2495
1128,336
1128,371
1128,405
1128,441
1128,474
1128,2526
1128,2557
1128,2590
1130,2495
1131,2623
1132,336
1132,371
1132,405
1132,441
1132,474
1132,2526
1132,2557
1132,2590
1134,2495
1135,2623
1136,371
1136,2526
1136,2557
1136,2590
1138,336
1138,405
1138,2495
1139,441
1140,371
1140,474
1140,2526
1140,2557
1140,2590
1144,322
1144,326
1144,330
1144,334
1144,338
1144,342
1144,346
1144,350
1144,354
1144,358
1144,362
1144,366
1144,370
1144,374
1144,378
1144,382
1144,386
1144,390
1144,394
1144,398
1144,402
1144,406
1144,410
1144,414
1144,418
1144,422
1144,426
1144,430
1144,436
1144,440
1144,444
1144,448
1144,452
1144,456
1144,460
1144,464
1144,468
1144,472
1144,476
1144,480
1144,484
1144,2484
1144,2488
1144,2492
1144,2496
1144,2500
1144,2512
1144,2516
1144,2520
1144,2524
1144,2528
1144,2532
1144,2536
1144,2540
1144,2544
1144,2548
1144,2552
1144,2556
1144,2560
1144,2570
1144,2574
1144,2578
1144,2582
1144,2586
1144,2590
1144,2594
1144,2598
1144,2602
1144,2606
1144,2610
1144,2614
1144,2618
1144,2629
1144,2633
1144,2637
1144,2641
1144,2645
1144,2649
1144,2653
1148,336
1148,371
1148,405
1148,441
1148,474
1148,2495
1148,2526
1148,2557
1148,2590
1152,336
1152,371
1152,405
1152,441
1152,474
1152,2495
1152,2526
1152,2557
1152,2590
1156,336
1156,371
1156,405
1156,441
1156,474
1156,2495
1156,2526
1156,2557
1156,2590
1160,336
1160,371
1160,405
1160,441
1160,474
1160,2495
1160,2526
1160,2557
1160,2590
1164,336
1164,371
1164,405
1164,441
1164,474
1164,2495
1164,2526
1164,2557
1164,2590
1165,2655
1168,336
1168,371
1168,405
1168,441
1168,474
1168,2495
1168,2526
1168,2557
1168,2590
1169,2655
1175,324
1175,328
1175,332
1175,336
1175,340
1175,344
1175,348
1175,352
1175,356
1175,360
1175,364
1175,368
1175,372
1175,376
1175,380
1175,384
1175,388
1175,392
1175,396
1175,400
1175,404
1175,408
1175,412
1175,416
1175,420
1175,424
1175,428
1175,433
1175,437
1175,441
1175,445
1175,449
1175,453
1175,457
1175,461
1175,465
1175,469
1175,473
1175,477
1175,481
1175,485
1175,2481
1175,2485
1175,2489
1175,2493
1175,2497
1175,2501
1175,2510
1175,2514
1175,2518
1175,2522
1175,2526
1175,2530
1175,2534
1175,2538
1175,2542
1175,2546
1175,2550
1175,2554
1175,2558
1175,2562
1175,2570
1175,2574
1175,2578
1175,2582
1175,2586
1175,2590
1175,2594
1175,2598
1175,2602
1175,2606
1175,2610
1175,2614
1175,2618
1175,2628
1175,2632
1175,2636
1175,2640
1175,2644
1175,2648
1175,2652
1175,2656
1179,336
1179,371
1179,405
1179,441
1179,474
1179,2526
1179,2557
1179,2590
1179,2655
1183,336
1183,371
1183,405
1183,441
1183,474
1183,2590
1186,2495
1186,2526
1187,336
1187,371
1187,405
1187,441
1187,474
1187,2557
1187,2590
1189,2655
1190,2495
1190,2526
1191,371
1191,405
1191,441
1191,474
1191,2557
1191,2590
1193,2655
1194,336
1194,2495
1194,2526
1195,371
1195,405
1195,2557
1195,2590
1197,441
1197,474
1197,2655
1198,336
1198,2495
1198,2526
1199,371
1199,405
1199,2557
1199,2590
1201,441
1201,474
1201,2655
1202,336
1202,2495
1202,2526
1203,371
1203,405
1203,2557
1203,2590
1205,441
1205,474
1209,328
1209,332
1209,336
1209,340
1209,344
1209,348
1209,352
1209,356
1209,360
1209,364
1209,368
1209,372
1209,376
1209,380
1209,384
1209,388
1209,392
1209,396
1209,400
1209,404
1209,408
1209,412
1209,416
1209,420
1209,424
1209,428
1209,434
1209,438
1209,442
1209,446
1209,450
1209,454
1209,458
1209,462
1209,466
1209,470
1209,474
1209,478
1209,482
1209,486
1209,2481
1209,2485
1209,2489
1209,2493
1209,2497
1209,2501
1209,2510
1209,2514
1209,2518
1209,2522
1209,2526
1209,2530
1209,2534
1209,2538
1209,2542
1209,2546
1209,2550
1209,2554
1209,2558
1209,2568
1209,2572
1209,2576
1209,2580
1209,2584
1209,2588
1209,2592
1209,2596
1209,2600
1209,2604
1209,2608
1209,2612
1209,2616
1209,2627
1209,2631
1209,2635
1209,2639
1209,2643
1209,2647
1209,2651
1213,336
1213,371
1213,405
1213,441
1213,474
1213,2495
1213,2526
1213,2557
1213,2590
1217,336
1217,371
1217,405
1217,441
1217,474
1217,2495
1217,2526
1217,2557
1217,2590
1221,336
1221,371
1221,405
1221,441
1221,474
1221,2495
1221,2526
1221,2557
1221,2590
1225,336
1225,371
1225,405
1225,441
1225,474
1225,2495
1225,2526
1225,2557
1225,2590
1229,336
1229,371
1229,405
1229,441
1229,474
1229,2495
1229,2526
1229,2557
1229,2590
1233,336
1233,371
1233,405
1233,441
1233,474
1233,2495
1233,2526
1233,2557
1233,2590
1237,336
1237,371
1237,405
1237,441
1237,474
1237,2495
1237,2526
1237,2557
1237,2590
1242,330
1242,334
1242,338
1242,342
1242,346
1242,350
1242,354
1242,358
1242,362
1242,366
1242,370
1242,374
1242,378
1242,382
1242,386
1242,390
1242,394
1242,398
1242,402
1242,406
1242,410
1242,414
1242,418
1242,422
1242,426
1242,433
1242,437
1242,441
1242,445
1242,449
1242,453
1242,457
1242,461
1242,465
1242,469
1242,473
1242,477
1242,481
1242,485
1242,2515
1242,2519
1242,2523
1242,2527
1242,2531
1242,2573
1242,2577
1242,2581
1244,2495
1246,336
1246,371
1246,405
1246,441
1246,474
1246,2526
1246,2557
1247,2590
1248,2495
1250,336
1250,441
1250,474
1250,2526
1250,2557
1251,2590
1252,2495
1253,405
1254,336
1254,474
1254,2526
1254,2557
1255,441
1255,2590
1256,2495
1257,405
1258,336
1258,474
1258,2526
1258,2557
1259,441
1259,2590
1260,2495
1261,405
1262,336
1262,474
1262,2526
1262,2557
1263,441
1263,2590
1264,2495
1265,371
1265,405
1266,336
1266,474
1266,2526
1266,2557
1267,441
1267,2590
1268,2495
1269,371
1269,405
1273,333
1273,337
1273,341
1273,345
1273,349
1273,353
1273,357
1273,361
1273,365
1273,369
1273,376
1273,380
1273,384
1273,388
1273,392
1273,396
1273,400
1273,404
1273,408
1273,412
1273,416
1273,420
1273,424
1273,434
1273,438
1273,442
1273,446
1273,450
1273,454
1273,458
1273,462
1273,466
1273,470
1273,474
1273,478
1273,482
1273,2475
1273,2479
1273,2483
1273,2487
1273,2491
1273,2495
1273,2499
1273,2508
1273,2512
1273,2516
1273,2520
1273,2524
1273,2528
1273,2532
1273,2536
1273,2540
1273,2544
1273,2548
1273,2552
1273,2556
1273,2560
1273,2564
1273,2568
1273,2572
1273,2576
1273,2580
1273,2584
1273,2588
1273,2592
1273,2596
1273,2600
1273,2604
1273,2608
1273,2612
1273,2616
1273,2625
1273,2629
1273,2633
1273,2637
1273,2641
1273,2645
1277,336
1277,405
1277,441
1277,474
1277,2495
1277,2526
1277,2557
1277,2590
1281,336
1281,405
1281,441
1281,474
1281,2495
1281,2526
1281,2557
1281,2590
1285,336
1285,405
1285,441
1285,474
1285,2495
1285,2526
1285,2557
1285,2590
1289,336
1289,405
1289,441
1289,474
1289,2495
1289,2526
1289,2557
1289,2590
1293,336
1293,405
1293,441
1293,474
1293,2495
1293,2526
1293,2557
1293,2590
1297,336
1297,405
1297,441
1297,474
1297,2590
1301,336
1301,371
1301,405
1301,441
1301,474
1302,2495
1304,2526
1304,2557
1304,2590
1305,336
1305,405
1305,441
1305,474
1309,333
1309,337
1309,341
1309,379
1309,383
1309,387
1309,393
1309,397
1309,401
1309,405
1309,409
1309,413
1309,417
1309,421
1309,2472
1309,2476
1309,2480
1309,2484
1309,2488
1309,2492
1309,2496
1309,2500
1309,2504
1309,2508
1309,2512
1309,2516
1309,2520
1309,2524
1309,2528
1309,2532
1309,2536
1309,2540
1309,2544
1309,2548
1309,2552
1309,2556
1309,2565
1309,2569
1309,2573
1309,2577
1309,2581
1309,2585
1309,2589
1309,2593
1309,2597
1309,2601
1309,2605
1309,2609
1309,2613
1309,2624
1309,2628
1309,2632
1309,2636
1309,2640
1309,2644
1312,441
1313,336
1313,405
1313,474
1313,2495
1313,2526
1313,2557
1313,2590
1316,441
1317,336
1317,405
1317,474
1317,2495
1317,2526
1317,2590
1320,441
1321,336
1321,405
1321,474
1321,2495
1321,2526
1321,2590
1324,441
1325,336
1325,405
1325,474
1325,2495
1325,2526
1325,2590
1327,2557
1328,441
1329,336
1329,405
1329,474
1329,2495
1329,2526
1329,2590
1331,2557
1332,441
1333,336
1333,405
1333,474
1333,2495
1333,2526
1333,2590
1335,2557
1336,441
1337,336
1337,405
1337,474
1337,2495
1337,2526
1337,2590
1341,333
1341,337
1341,341
1341,345
1341,349
1341,353
1341,357
1341,361
1341,365
1341,369
1341,376
1341,380
1341,384
1341,388
1341,392
1341,396
1341,400
1341,404
1341,408
1341,412
1341,416
1341,420
1341,424
1341,432
1341,436
1341,440
1341,444
1341,448
1341,452
1341,456
1341,460
1341,464
1341,468
1341,472
1341,476
1341,480
1341,2469
1341,2473
1341,2477
1341,2481
1341,2485
1341,2489
1341,2493
1341,2497
1341,2506
1341,2510
1341,2514
1341,2518
1341,2522
1341,2526
1341,2530
1341,2534
1341,2538
1341,2542
1341,2546
1341,2550
1341,2554
1341,2558
1341,2562
1341,2566
1341,2570
1341,2574
1341,2578
1341,2582
1341,2586
1341,2590
1341,2594
1341,2598
1341,2602
1341,2606
1341,2610
1341,2614
1341,2623
1341,2627
1341,2631
1341,2635
1341,2639
1345,336
1345,405
1345,441
1345,474
1345,2495
1345,2526
1345,2557
1345,2590
1345,2623
1349,336
1349,405
1349,441
1349,474
1349,2495
1349,2526
1349,2557
1349,2590
1349,2623
1350,371
1353,336
1353,405
1353,441
1353,474
1353,2495
1353,2526
1353,2557
1353,2590
1353,2623
1354,371
1357,336
1357,405
1357,441
1357,474
1357,2557
1358,371
1361,336
1361,405
1361,441
1361,474
1361,2495
1361,2557
1362,2526
1364,2590
1365,441
1365,474
1365,2495
1365,2557
1366,2526
1366,2623
1367,336
1368,405
1368,2590
1369,2495
1369,2557
1373,333
1373,337
1373,341
1373,345
1373,349
1373,353
1373,357
1373,361
1373,365
1373,369
1373,373
1373,377
1373,381
1373,385
1373,389
1373,393
1373,397
1373,401
1373,405
1373,409
1373,413
1373,417
1373,421
1373,425
1373,429
1373,433
1373,437
1373,441
1373,445
1373,449
1373,453
1373,457
1373,461
1373,465
1373,469
1373,473
1373,477
1373,481
1373,488
1373,492
1373,2466
1373,2470
1373,2474
1373,2478
1373,2482
1373,2486
1373,2490
1373,2494
1373,2505
1373,2509
1373,2513
1373,2517
1373,2521
1373,2525
1373,2529
1373,2533
1373,2537
1373,2541
1373,2545
1373,2549
1373,2553
1373,2557
1373,2561
1373,2565
1373,2569
1373,2573
1373,2577
1373,2581
1373,2585
1373,2589
1373,2593
1373,2597
1373,2601
1373,2605
1373,2609
1373,2613
1373,2622
1373,2626
1373,2630
1373,2634
1377,336
1377,405
1377,441
1377,474
1377,2495
1377,2526
1377,2557
1377,2590
1377,2623
1381,336
1381,405
1381,441
1381,474
1381,2495
1381,2526
1381,2557
1381,2590
1381,2623
1385,336
1385,405
1385,441
1385,474
1385,2495
1385,2526
1385,2557
1385,2590
1385,2623
1389,336
1389,405
1389,441
1389,474
1389,2495
1389,2526
1389,2557
1389,2590
1389,2623
1393,336
1393,405
1393,441
1393,474
1393,2495
1393,2526
1393,2590
1393,2623
1397,336
1397,405
1397,441
1397,474
1397,2495
1397,2526
1397,2590
1397,2623
1404,334
1404,338
1404,342
1404,346
1404,350
1404,354
1404,358
1404,362
1404,366
1404,374
1404,378
1404,382
1404,386
1404,390
1404,394
1404,398
1404,402
1404,406
1404,410
1404,414
1404,418
1404,422
1404,430
1404,434
1404,438
1404,442
1404,446
1404,450
1404,454
1404,458
1404,462
1404,466
1404,470
1404,474
1404,478
1404,486
1404,490
1404,494
1404,498
1404,2463
1404,2467
1404,2471
1404,2475
1404,2479
1404,2483
1404,2487
1404,2491
1404,2495
1404,2504
1404,2508
1404,2512
1404,2516
1404,2520
1404,2524
1404,2528
1404,2532
1404,2536
1404,2540
1404,2544
1404,2548
1404,2552
1404,2556
1404,2562
1404,2566
1404,2570
1404,2574
1404,2578
1404,2582
1404,2586
1404,2590
1404,2594
1404,2598
1404,2602
1404,2606
1404,2610
1404,2621
1404,2625
1404,2629
1404,2633
1408,336
1408,405
1408,441
1408,474
1408,2495
1408,2526
1408,2590
1408,2623
1412,336
1412,405
1412,441
1412,474
1412,2495
1412,2526
1412,2590
1412,2623
1414,371
1416,405
1416,441
1416,474
1416,2495
1420,405
1420,441
1420,474
1420,2495
1420,2526
1422,2590
1423,2623
1424,474
1424,2495
1424,2526
1425,2557
1426,2590
1427,405
1427,441
1427,2623
1428,474
1428,2495
1428,2526
1429,2557
1430,2590
1431,405
1431,441
1431,2623
1432,474
1432,2495
1432,2526
1436,338
1436,342
1436,346
1436,350
1436,354
1436,358
1436,362
1436,366
1436,374
1436,378
1436,382
1436,386
1436,390
1436,394
1436,398
1436,402
1436,406
1436,410
1436,414
1436,418
1436,422
1436,430
1436,434
1436,438
1436,442
1436,446
1436,450
1436,454
1436,458
1436,462
1436,466
1436,470
1436,474
1436,478
1436,486
1436,490
1436,494
1436,498
1436,502
1436,506
1436,2463
1436,2467
1436,2471
1436,2475
1436,2479
1436,2483
1436,2487
1436,2491
1436,2495
1436,2503
1436,2507
1436,2511
1436,2515
1436,2519
1436,2523
1436,2527
1436,2531
1436,2535
1436,2539
1436,2543
1436,2547
1436,2551
1436,2555
1436,2559
1436,2563
1436,2567
1436,2571
1436,2575
1436,2579
1436,2583
1436,2587
1436,2591
1436,2595
1436,2599
1436,2603
1436,2607
1436,2611
1436,2620
1436,2624
1436,2628
1436,2632
1440,405
1440,441
1440,474
1440,505
1440,2526
1440,2590
1440,2623
1444,405
1444,441
1444,474
1444,505
1444,2526
1444,2590
1444,2623
1448,405
1448,441
1448,474
1448,505
1448,2526
1448,2590
1448,2623
1452,405
1452,441
1452,474
1452,505
1452,2526
1452,2590
1452,2623
1456,405
1456,441
1456,474
1456,505
1456,2526
1456,2590
1456,2623
1457,2495
1460,405
1460,441
1460,474
1460,505
1460,2526
1460,2590
1460,2623
1464,405
1464,441
1464,474
1464,505
1464,2526
1464,2590
1464,2623
1468,344
1468,348
1468,352
1468,356
1468,360
1468,364
1468,368
1468,374
1468,378
1468,382
1468,386
1468,390
1468,394
1468,398
1468,402
1468,406
1468,410
1468,414
1468,418
1468,422
1468,429
1468,433
1468,437
1468,441
1468,445
1468,449
1468,453
1468,457
1468,461
1468,465
1468,469
1468,473
1468,477
1468,481
1468,486
1468,490
1468,494
1468,498
1468,502
1468,506
1468,510
1468,2460
1468,2464
1468,2468
1468,2472
1468,2476
1468,2480
1468,2484
1468,2488
1468,2492
1468,2502
1468,2506
1468,2510
1468,2514
1468,2518
1468,2522
1468,2526
1468,2530
1468,2534
1468,2538
1468,2542
1468,2546
1468,2550
1468,2560
1468,2564
1468,2568
1468,2572
1468,2576
1468,2580
1468,2584
1468,2588
1468,2592
1468,2596
1468,2600
1468,2604
1468,2608
1468,2612
1468,2616
1468,2620
1468,2624
1468,2628
1468,2632
1472,405
1472,441
1472,474
1472,505
1472,2590
1472,2623
1476,405
1476,441
1476,474
1476,505
1479,2526
1480,405
1480,441
1480,505
1480,2590
1480,2623
1482,2495
1483,2526
1484,371
1484,405
1484,441
1484,505
1484,2590
1484,2623
1485,474
1486,2495
1487,2526
1488,441
1488,505
1488,2590
1488,2623
1489,474
1491,2526
1492,441
1492,505
1492,2590
1492,2623
1493,474
1495,2526
1496,441
1496,505
1496,2590
1496,2623
1497,474
1502,346
1502,350
1502,354
1502,358
1502,362
1502,366
1502,444
1502,448
1502,452
1502,456
1502,460
1502,464
1502,468
1502,472
1502,476
1502,480
1502,485
1502,489
1502,493
1502,497
1502,501
1502,505
1502,509
1502,513
1502,517
1502,2457
1502,2461
1502,2465
1502,2469
1502,2473
1502,2477
1502,2481
1502,2485
1502,2489
1502,2493
1502,2500
1502,2504
1502,2508
1502,2512
1502,2516
1502,2520
1502,2524
1502,2528
1502,2532
1502,2536
1502,2540
1502,2544
1502,2548
1502,2559
1502,2563
1502,2567
1502,2571
1502,2575
1502,2579
1502,2583
1502,2587
1502,2591
1502,2595
1502,2599
1502,2603
1502,2607
1502,2618
1502,2622
1506,474
1506,505
1506,2495
1506,2526
1506,2590
1506,2623
1510,474
1510,505
1510,2495
1510,2526
1510,2590
1510,2623
1514,474
1514,505
1514,2526
1514,2590
1518,474
1518,505
1518,2526
1518,2590
1519,2495
1522,474
1522,505
1522,2526
1522,2590
1523,2495
1524,2557
1526,474
1526,505
1526,2526
1526,2590
1527,2495
1528,2557
1530,474
1530,505
1530,2526
1530,2590
1534,456
1534,460
1534,464
1534,468
1534,472
1534,476
1534,480
1534,484
1534,488
1534,492
1534,496
1534,500
1534,504
1534,508
1534,512
1534,516
1534,520
1534,2473
1534,2477
1534,2481
1534,2485
1534,2489
1534,2505
1534,2509
1534,2513
1534,2517
1534,2521
1534,2525
1534,2532
1534,2536
1534,2586
1534,2590
1534,2601
1535,2455
1538,505
1538,2526
1539,2455
1539,2590
1540,2557
1541,2495
1542,474
1542,2526
1543,505
1543,2455
1543,2590
1544,2557
1545,2495
1546,474
1546,2526
1547,505
1547,2455
1547,2590
1550,474
1550,2526
1551,505
1551,2455
1551,2590
1554,474
1554,2526
1555,505
1555,2455
1555,2590
1558,474
1558,2526
1559,505
1559,2455
1559,2590
1565,351
1565,355
1565,359
1565,363
1565,448
1565,452
1565,456
1565,460
1565,464
1565,468
1565,472
1565,476
1565,485
1565,489
1565,493
1565,497
1565,501
1565,505
1565,509
1565,513
1565,517
1565,521
1565,2450
1565,2454
1565,2458
1565,2462
1565,2466
1565,2470
1565,2474
1565,2478
1565,2482
1565,2486
1565,2490
1565,2494
1565,2498
1565,2502
1565,2506
1565,2510
1565,2514
1565,2518
1565,2522
1565,2526
1565,2530
1565,2534
1565,2538
1565,2542
1565,2546
1565,2550
1565,2557
1565,2561
1565,2565
1565,2569
1565,2573
1565,2577
1565,2581
1565,2585
1565,2589
1565,2593
1565,2597
1565,2601
1565,2605
1569,474
1569,505
1569,2455
1569,2526
1569,2590
1573,441
1573,474
1573,505
1573,2455
1573,2526
1573,2590
1577,441
1577,474
1577,505
1577,2455
1577,2526
1577,2590
1580,2557
1581,441
1581,474
1581,505
1581,2455
1581,2526
1581,2590
1584,2557
1585,441
1585,474
1585,505
1585,2455
1585,2526
1585,2590
1586,371
1586,405
1589,441
1589,474
1589,505
1589,2526
1589,2590
1590,405
1593,474
1593,505
1593,2455
1593,2526
1593,2590
1596,2557
1597,405
1597,2455
1597,2526
1597,2590
1598,371
1598,441
1599,474
1603,354
1603,358
1603,362
1603,366
1603,370
1603,374
1603,378
1603,382
1603,386
1603,390
1603,394
1603,398
1603,402
1603,406
1603,410
1603,414
1603,418
1603,422
1603,428
1603,432
1603,436
1603,440
1603,444
1603,448
1603,452
1603,456
1603,460
1603,464
1603,468
1603,472
1603,476
1603,480
1603,485
1603,489
1603,493
1603,497
1603,501
1603,505
1603,509
1603,513
1603,517
1603,2442
1603,2446
1603,2450
1603,2454
1603,2458
1603,2462
1603,2466
1603,2470
1603,2474
1603,2478
1603,2482
1603,2486
1603,2490
1603,2494
1603,2498
1603,2502
1603,2506
1603,2510
1603,2514
1603,2518
1603,2522
1603,2526
1603,2530
1603,2534
1603,2538
1603,2542
1603,2546
1603,2550
1603,2554
1603,2558
1603,2562
1603,2566
1603,2570
1603,2574
1603,2578
1603,2582
1603,2586
1603,2590
1603,2594
1603,2598
1603,2602
1603,2606
1607,371
1607,405
1607,441
1607,474
1607,505
1607,2455
1607,2495
1607,2526
1607,2557
1607,2590
1611,405
1611,441
1611,474
1611,505
1611,2455
1611,2526
1611,2557
1611,2590
1615,405
1615,441
1615,474
1615,505
1615,2455
1615,2526
1615,2557
1615,2590
1619,405
1619,441
1619,474
1619,505
1619,2455
1619,2526
1619,2557
1619,2590
1623,405
1623,441
1623,474
1623,505
1623,2455
1623,2526
1623,2557
1623,2590
1627,405
1627,441
1627,474
1627,505
1627,2455
1627,2526
1627,2557
1627,2590
1631,405
1631,441
1631,474
1631,505
1631,2455
1631,2526
1631,2557
1631,2590
1635,358
1635,362
1635,366
1635,372
1635,376
1635,380
1635,384
1635,388
1635,392
1635,396
1635,400
1635,404
1635,408
1635,412
1635,416
1635,420
1635,428
1635,432
1635,436
1635,440
1635,444
1635,448
1635,452
1635,456
1635,460
1635,464
1635,468
1635,472
1635,476
1635,480
1635,485
1635,489
1635,493
1635,497
1635,501
1635,505
1635,509
1635,513
1635,2439
1635,2443
1635,2447
1635,2451
1635,2455
1635,2459
1635,2463
1635,2467
1635,2471
1635,2475
1635,2479
1635,2483
1635,2487
1635,2497
1635,2501
1635,2505
1635,2509
1635,2513
1635,2517
1635,2521
1635,2525
1635,2529
1635,2533
1635,2537
1635,2541
1635,2545
1635,2555
1635,2559
1635,2563
1635,2567
1635,2571
1635,2575
1635,2579
1635,2583
1635,2587
1635,2591
1635,2595
1635,2599
1635,2603
1639,371
1639,405
1639,441
1639,474
1639,505
1639,2455
1639,2526
1639,2557
1639,2590
1643,371
1643,405
1643,441
1643,474
1643,505
1643,2455
1643,2526
1643,2557
1643,2590
1647,405
1647,441
1647,474
1647,505
1647,2526
1647,2557
1647,2590
1651,474
1651,505
1654,405
1656,441
1656,474
1657,371
1657,505
1658,405
1660,441
1660,474
1661,371
1661,505
1662,405
1666,363
1666,371
1666,375
1666,379
1666,383
1666,387
1666,391
1666,395
1666,399
1666,403
1666,407
1666,411
1666,415
1666,419
1666,423
1666,427
1666,431
1666,435
1666,439
1666,443
1666,447
1666,451
1666,455
1666,459
1666,463
1666,467
1666,471
1666,475
1666,479
1666,485
1666,489
1666,493
1666,497
1666,501
1666,505
1666,509
1666,513
1670,405
1670,441
1670,474
1670,505
1674,405
1674,441
1674,474
1674,505
1678,405
1678,441
1678,474
1678,505
1682,405
1682,441
1682,474
1682,505
1686,405
1686,441
1686,474
1686,505
1690,405
1690,441
1690,474
1690,505
1697,370
1697,374
1697,378
1697,382
1697,386
1697,390
1697,394
1697,398
1697,402
1697,406
1697,410
1697,414
1697,418
1697,422
1697,426
1697,430
1697,434
1697,438
1697,442
1697,446
1697,450
1697,454
1697,458
1697,462
1697,466
1697,470
1697,474
1697,482
1697,486
1697,490
1697,494
1697,498
1697,502
1697,506
1697,510
1701,371
1701,405
1701,441
1701,474
1701,505
1705,405
1705,441
1705,474
1705,505
1709,505
1711,405
1712,371
1712,441
1714,474
1714,505
1715,405
1716,371
1716,441
1718,474
1718,505
1719,405
1720,371
1720,441
1722,474
1722,505
1723,405
1724,371
1724,441
1729,369
1729,373
1729,377
1729,381
1729,385
1729,389
1729,393
1729,397
1729,401
1729,405
1729,409
1729,413
1729,417
1729,421
1729,426
1729,430
1729,434
1729,438
1729,442
1729,446
1729,450
1729,454
1729,458
1729,462
1729,466
1729,470
1729,474
1729,481
1729,485
1729,489
1729,493
1729,497
1729,501
1729,505
1729,509
1733,371
1733,405
1733,441
1733,474
1733,505
1737,371
1737,405
1737,441
1737,474
1737,505
1741,371
1741,405
1741,441
1741,474
1741,505
1745,405
1745,441
1745,474
1745,505
1749,405
1749,441
1749,474
1749,505
1753,405
1753,441
1753,474
1753,505
1757,405
1757,441
1757,474
1757,505
1761,405
1761,441
1761,474
1761,505
1767,429
1767,433
1767,449
1767,498
1767,502
1767,506
1768,405
1770,441
1771,474
1771,505
1772,405
1774,441
1775,474
1775,505
1776,405
1778,441
1779,474
1779,505
1780,405
1782,441
1783,474
1783,505
1784,405
1786,441
1787,474
1787,505
1788,405
1790,441
1791,474
1791,505
1792,405
1794,441
1795,474
1795,505
1799,380
1799,384
1799,388
1799,392
1799,396
1799,400
1799,404
1799,408
1799,412
1799,416
1799,420
1799,424
1799,428
1799,432
1799,436
1799,440
1799,444
1799,448
1799,452
1799,456
1799,460
1799,464
1799,468
1799,472
1799,480
1799,484
1799,488
1799,492
1799,496
1799,500
1799,504
1799,508
1803,405
1803,441
1803,474
1803,505
1807,405
1807,441
1807,474
1807,505
1811,405
1811,441
1811,474
1811,505
1815,405
1815,441
1815,474
1815,505
1819,405
1819,441
1819,505
1823,505
1825,405
1826,441
1831,385
1831,389
1831,393
1831,397
1831,401
1831,405
1831,409
1831,413
1831,417
1831,424
1831,428
1831,432
1831,436
1831,440
1831,444
1831,448
1831,452
1831,456
1831,460
1831,464
1831,468
1831,472
1831,479
1831,483
1831,487
1831,491
1831,495
1831,499
1831,503
1831,507
1831,511
1835,405
1835,441
1835,505
1836,474
1839,405
1839,441
1839,505
1840,474
1843,405
1843,441
1843,505
1844,474
1847,405
1847,441
1847,505
1848,474
1851,405
1851,441
1851,505
1852,474
1855,405
1855,441
1855,505
1856,474
1862,389
1862,393
1862,397
1862,401
1862,405
1862,409
1862,413
1862,417
1862,421
1862,425
1862,429
1862,433
1862,437
1862,441
1862,445
1862,449
1862,453
1862,457
1862,461
1862,465
1862,469
1862,473
1862,477
1862,481
1862,485
1862,489
1862,493
1862,497
1862,501
1862,505
1862,509
1862,513
1866,405
1866,441
1866,474
1866,505
1870,405
1870,441
1870,474
1870,505
1874,405
1874,441
1874,474
1874,505
1878,441
1878,505
1882,441
1883,405
1886,441
1886,474
1886,505
1887,405
1893,393
1893,397
1893,401
1893,405
1893,409
1893,413
1893,417
1893,422
1893,426
1893,430
1893,434
1893,438
1893,442
1893,446
1893,450
1893,454
1893,458
1893,462
1893,466
1893,470
1893,474
1893,478
1893,482
1893,486
1893,490
1893,494
1893,498
1893,502
1893,506
1893,510
1893,514
1897,405
1897,441
1897,474
1897,505
1901,405
1901,441
1901,474
1901,505
1905,405
1905,441
1905,505
1909,405
1909,441
1909,505
1913,405
1913,441
1913,505
1917,405
1917,441
1917,505
1924,399
1924,403
1924,407
1924,411
1924,415
1924,423
1924,427
1924,431
1924,435
1924,439
1924,443
1924,447
1924,451
1924,455
1924,459
1924,463
1924,467
1924,471
1924,477
1924,481
1924,485
1924,489
1924,493
1924,497
1924,501
1924,505
1924,509
1924,513
1924,517
1924,521
1928,405
1928,441
1928,505
1930,474
1932,405
1932,441
1932,505
1934,474
1936,441
1936,505
1940,405
1940,441
1940,505
1944,405
1944,441
1944,505
1945,474
1948,405
1948,441
1948,505
1949,474
1955,403
1955,407
1955,411
1955,415
1955,419
1955,423
1955,427
1955,431
1955,435
1955,439
1955,443
1955,447
1955,451
1955,455
1955,459
1955,463
1955,467
1955,471
1955,475
1955,479
1955,483
1955,487
1955,491
1955,495
1955,499
1955,503
1955,507
1955,511
1955,515
1955,519
1955,523
1959,405
1959,441
1959,474
1959,505
1963,405
1963,441
1963,474
1963,505
1967,405
1967,441
1967,505
1971,441
1971,505
1975,441
1975,474
1975,505
1979,441
1979,474
1979,505
1983,441
1983,474
1983,505
1987,441
1987,505
1991,441
1991,505
1995,448
1995,452
1996,441
2000,441
2000,505
2004,441
2004,505
2008,441
2008,505
2012,441
2012,505
2016,441
2016,474
2016,505
2020,441
2020,474
2020,505
2024,441
2024,505
2028,412
2028,416
2028,420
2028,424
2028,428
2028,432
2028,436
2028,440
2028,444
2028,448
2028,452
2028,456
2028,460
2028,464
2028,468
2028,478
2028,482
2028,486
2028,490
2028,494
2028,498
2028,502
2028,506
2028,510
2028,514
2028,518
2028,522
2028,526
2032,441
2032,505
2036,441
2036,505
2040,441
2040,505
2041,474
2044,441
2044,505
2045,474
2048,441
2048,505
2054,441
2056,505
2058,441
2062,420
2062,424
2062,428
2062,432
2062,436
2062,440
2062,444
2062,448
2062,452
2062,456
2062,460
2062,464
2062,468
2062,472
2062,476
2062,480
2062,484
2062,488
2062,492
2062,496
2062,500
2062,504
2062,508
2062,512
2062,516
2062,520
2062,524
2062,528
2062,532
2066,441
2066,474
2066,505
2070,441
2070,474
2070,505
2074,441
2074,474
2074,505
2078,441
2078,474
2078,505
2082,441
2082,505
2086,441
2086,505
2093,422
2093,426
2093,430
2093,434
2093,438
2093,442
2093,446
2093,450
2093,454
2093,458
2093,462
2093,466
2093,470
2093,476
2093,480
2093,484
2093,488
2093,492
2093,496
2093,500
2093,504
2093,508
2093,512
2093,516
2093,520
2093,524
2093,528
2093,532
2093,536
2097,441
2097,505
2098,474
2101,441
2101,505
2102,474
2105,441
2105,505
2105,540
2109,505
2109,540
2111,441
2113,505
2113,540
2115,441
2117,505
2117,540
2119,441
2124,429
2124,433
2124,437
2124,441
2124,445
2124,449
2124,453
2124,457
2124,461
2124,465
2124,469
2124,474
2124,478
2124,482
2124,486
2124,490
2124,494
2124,498
2124,502
2124,506
2124,510
2124,514
2124,518
2124,522
2124,526
2124,532
2124,536
2124,540
2124,544
2128,441
2128,474
2128,505
2128,540
2132,441
2132,474
2132,505
2132,540
2136,441
2136,474
2136,505
2136,540
2140,441
2140,474
2140,505
2140,540
2144,441
2144,474
2144,505
2144,540
2148,441
2148,505
2148,540
2150,474
2155,433
2155,437
2155,441
2155,445
2155,449
2155,453
2155,457
2155,461
2155,465
2155,469
2155,473
2155,477
2155,481
2155,485
2155,489
2155,493
2155,497
2155,501
2155,505
2155,509
2155,513
2155,517
2155,521
2155,525
2155,531
2155,535
2155,539
2155,543
2155,547
2159,441
2159,474
2159,505
2159,540
2163,441
2163,505
2163,540
2168,441
2170,474
2170,505
2170,540
2172,441
2174,474
2174,505
2174,540
2176,441
2178,474
2178,505
2178,540
2180,441
2182,474
2182,505
2182,540
2186,433
2186,437
2186,441
2186,445
2186,449
2186,453
2186,457
2186,461
2186,465
2186,469
2186,473
2186,477
2186,481
2186,485
2186,489
2186,493
2186,497
2186,501
2186,505
2186,509
2186,513
2186,517
2186,521
2186,525
2186,529
2186,533
2186,537
2186,541
2186,545
2186,549
2186,553
2190,441
2190,474
2190,505
2190,540
2194,441
2194,474
2194,505
2194,540
2198,441
2198,474
2198,505
2198,540
2202,441
2202,474
2202,505
2202,540
2206,441
2206,474
2206,505
2206,540
2210,441
2210,474
2210,505
2210,540
2217,433
2217,437
2217,441
2217,445
2217,449
2217,453
2217,457
2217,461
2217,465
2217,469
2217,473
2217,477
2217,481
2217,485
2217,489
2217,493
2217,497
2217,501
2217,505
2217,509
2217,513
2217,517
2217,521
2217,525
2217,529
2217,533
2217,537
2217,541
2217,545
2217,549
2217,553
2217,557
2217,561
2221,505
2221,540
2225,441
2226,474
2226,505
2228,540
2229,441
2230,474
2230,505
2232,540
2233,441
2234,474
2234,505
2236,540
2237,441
2238,474
2238,505
2240,540
2241,441
2242,474
2242,505
2244,540
2245,441
2249,436
2249,440
2249,444
2249,448
2249,452
2249,456
2249,460
2249,464
2249,468
2249,472
2249,476
2249,480
2249,484
2249,488
2249,492
2249,496
2249,500
2249,504
2249,508
2249,512
2249,516
2249,520
2249,524
2249,530
2249,534
2249,538
2249,542
2249,546
2249,550
2249,554
2249,558
2249,562
2249,566
2249,570
2253,441
2253,474
2253,505
2253,540
2257,441
2257,474
2257,505
2257,540
2261,441
2261,474
2261,505
2261,540
2265,441
2265,474
2265,505
2265,540
2269,441
2269,474
2269,505
2269,540
2269,576
2273,441
2273,474
2273,505
2273,540
2273,576
2277,441
2277,474
2277,505
2277,540
2277,576
2281,436
2281,440
2281,444
2281,453
2281,457
2281,461
2281,477
2281,481
2281,500
2283,505
2284,540
2285,441
2286,576
2287,505
2288,540
2289,441
2290,576
2292,540
2293,441
2294,576
2296,540
2297,441
2298,576
2300,540
2301,441
2302,576
2304,540
2305,441
2306,576
2308,540
2312,530
2312,534
2312,538
2312,542
2312,546
2312,550
2312,554
2312,558
2312,562
2312,566
2312,570
2312,574
2312,578
2312,583
2312,587
2312,591
2316,540
2316,576
2320,540
2320,576
2324,540
2324,576
2328,540
2328,576
2332,540
2332,576
2336,540
2336,576
2341,540
2342,2332
2343,576
2345,540
2346,2332
2347,576
2349,540
2350,2332
2350,2383
2351,576
2353,540
2354,2332
2354,2383
2355,576
2356,2417
2357,540
2358,2332
2358,2383
2359,576
2360,2417
2361,540
2362,2332
2362,2383
2363,576
2364,2417
2365,540
2366,2332
2366,2383
2367,576
2367,2455
2368,2417
2369,540
2370,2332
2370,2383
2371,576
2371,2455
2372,2417
2373,540
2374,2332
2374,2383
2375,576
2375,2455
2376,2417
2377,540
2378,2332
2378,2383
2379,505
2379,576
2379,2455
2380,2417
2381,540
2385,442
2385,446
2385,450
2385,454
2385,458
2385,462
2385,466
2385,470
2385,474
2385,478
2385,482
2385,486
2385,490
2385,494
2385,498
2385,502
2385,506
2385,510
2385,514
2385,518
2385,522
2385,526
2385,530
2385,534
2385,538
2385,542
2385,546
2385,550
2385,554
2385,558
2385,562
2385,566
2385,570
2385,574
2385,578
2385,582
2385,586
2385,590
2385,594
2385,598
2385,602
2385,2315
2385,2319
2385,2323
2385,2327
2385,2331
2385,2335
2385,2339
2385,2343
2385,2347
2385,2358
2385,2362
2385,2366
2385,2370
2385,2374
2385,2378
2385,2382
2385,2386
2385,2390
2385,2394
2385,2398
2385,2402
2385,2406
2385,2415
2385,2419
2385,2423
2385,2427
2385,2431
2385,2435
2385,2439
2385,2443
2385,2447
2385,2451
2385,2455
2385,2459
2385,2463
2389,474
2389,505
2389,540
2389,576
2389,2332
2389,2383
2389,2417
2389,2455
2393,540
2393,2417
2393,2455
2396,474
2396,505
2398,540
2398,2332
2400,474
2400,505
2400,2383
2401,576
2401,2417
2402,540
2402,2332
2402,2455
2404,474
2404,505
2404,2383
2405,576
2405,2417
2406,540
2406,2332
2406,2455
2408,474
2408,505
2408,2383
2409,576
2409,2417
2410,540
2410,2332
2410,2455
2412,474
2412,505
2412,2383
2413,576
2413,2417
2417,442
2417,446
2417,450
2417,454
2417,458
2417,462
2417,466
2417,470
2417,474
2417,478
2417,482
2417,486
2417,490
2417,494
2417,498
2417,502
2417,506
2417,510
2417,514
2417,518
2417,526
2417,530
2417,534
2417,538
2417,542
2417,546
2417,550
2417,554
2417,558
2417,562
2417,566
2417,570
2417,574
2417,582
2417,586
2417,590
2417,594
2417,598
2417,602
2417,2314
2417,2318
2417,2322
2417,2326
2417,2330
2417,2334
2417,2338
2417,2342
2417,2346
2417,2356
2417,2360
2417,2364
2417,2368
2417,2372
2417,2376
2417,2380
2417,2384
2417,2388
2417,2392
2417,2396
2417,2400
2417,2404
2417,2413
2417,2417
2417,2421
2417,2425
2417,2429
2417,2433
2417,2437
2417,2441
2417,2445
2417,2449
2417,2453
2417,2457
2421,474
2421,505
2421,540
2421,576
2421,2332
2421,2383
2421,2417
2421,2455
2425,474
2425,505
2425,540
2425,576
2425,2332
2425,2383
2425,2417
2425,2455
2429,474
2429,505
2429,540
2429,576
2429,2332
2429,2383
2429,2417
2429,2455
2433,474
2433,505
2433,540
2433,576
2433,2332
2433,2383
2433,2417
2433,2455
2437,474
2437,505
2437,540
2437,576
2437,2332
2437,2417
2437,2455
2441,474
2441,505
2441,540
2441,576
2441,2332
2441,2455
2445,474
2445,505
2445,540
2445,576
2445,2332
2450,460
2450,493
2450,497
2450,501
2450,529
2450,533
2450,537
2450,541
2450,545
2450,549
2450,553
2450,557
2450,561
2450,565
2450,569
2450,573
2450,590
2450,594
2450,598
2450,602
2450,2441
2450,2445
2450,2449
2450,2453
2452,474
2454,505
2454,540
2456,474
2458,505
2458,540
2458,576
2460,474
2462,505
2462,540
2462,576
2464,474
2466,505
2466,540
2466,576
2468,474
2470,505
2470,540
2472,474
2474,505
2474,540
2476,474
2476,576
2478,505
2478,540
2482,442
2482,446
2482,450
2482,454
2482,458
2482,462
2482,468
2482,472
2482,476
2482,480
2482,484
2482,488
2482,492
2482,496
2482,500
2482,504
2482,508
2482,512
2482,516
2482,520
2482,524
2482,528
2482,532
2482,536
2482,540
2482,544
2482,548
2482,552
2482,556
2482,560
2482,564
2482,568
2482,572
2482,576
2482,581
2482,585
2482,589
2482,593
2482,597
2482,601
2482,605
2486,474
2486,505
2486,540
2486,576
2490,474
2490,505
2490,540
2490,576
2494,474
2494,505
2494,540
2494,576
2498,474
2498,505
2498,540
2498,576
2502,474
2502,505
2502,540
2502,576
2506,505
2506,540
2508,474
2510,505
2510,540
2512,474
2516,442
2516,446
2516,450
2516,454
2516,458
2516,462
2516,470
2516,474
2516,478
2516,482
2516,486
2516,490
2516,494
2516,498
2516,502
2516,506
2516,510
2516,514
2516,518
2516,524
2516,528
2516,532
2516,536
2516,540
2516,544
2516,548
2516,552
2516,556
2516,560
2516,564
2516,568
2516,572
2516,576
2516,580
2516,584
2516,588
2516,592
2516,596
2516,600
2516,604
2516,608
2520,474
2520,505
2520,540
2520,576
2524,474
2524,540
2524,576
2528,474
2528,540
2528,576
2532,474
2532,576
2536,474
2536,576
2540,474
2540,576
2544,576
2549,444
2549,448
2549,452
2549,456
2549,460
2549,468
2549,560
2549,564
2549,568
2549,572
2549,576
2549,580
2549,584
2549,588
2549,592
2549,596
2549,600
2549,604
2549,608
2553,576
2553,611
2557,611
2561,611
2565,611
2569,611
2571,576
2573,611
2575,576
2577,611
2581,447
2581,451
2581,455
2581,459
2581,463
2581,565
2581,569
2581,573
2581,577
2581,581
2581,585
2581,589
2581,593
2581,597
2581,601
2581,605
2581,609
2581,613
2581,617
2581,2282
2581,2293
2585,576
2585,611
2587,2299
2589,576
2589,611
2591,2299
2593,576
2593,611
2595,2299
2597,576
2597,611
2599,2299
2601,576
2601,611
2602,474
2603,2299
2605,576
2605,611
2606,474
2607,2299
2609,576
2609,611
2613,451
2613,455
2613,459
2613,469
2613,473
2613,477
2613,481
2613,485
2613,545
2613,549
2613,553
2613,557
2613,561
2613,565
2613,569
2613,573
2613,577
2613,581
2613,585
2613,589
2613,593
2613,597
2613,601
2613,605
2613,609
2613,613
2613,617
2613,621
2613,2276
2613,2280
2613,2284
2613,2293
2613,2297
2613,2301
2613,2305
2613,2309
2613,2313
2613,2317
2613,2321
2616,540
2617,474
2617,611
2617,2299
2621,474
2622,505
2624,540
2625,474
2625,611
2625,2299
2626,505
2626,2332
2628,540
2629,474
2629,611
2629,2299
2629,2417
2630,505
2630,576
2630,2332
2632,540
2633,474
2633,611
2633,2299
2633,2383
2633,2417
2634,505
2634,576
2634,2332
2636,540
2637,474
2637,611
2637,2299
2637,2383
2637,2417
2638,505
2638,576
2638,2332
2640,540
2641,474
2641,611
2641,2299
2641,2383
2641,2417
2642,505
2642,2332
2646,454
2646,458
2646,462
2646,468
2646,472
2646,476
2646,480
2646,484
2646,488
2646,492
2646,496
2646,500
2646,504
2646,508
2646,512
2646,516
2646,520
2646,524
2646,528
2646,532
2646,536
2646,540
2646,544
2646,548
2646,552
2646,556
2646,560
2646,564
2646,568
2646,572
2646,579
2646,583
2646,587
2646,591
2646,595
2646,599
2646,603
2646,607
2646,611
2646,615
2646,619
2646,623
2646,627
2646,631
2646,2272
2646,2276
2646,2280
2646,2284
2646,2288
2646,2292
2646,2296
2646,2300
2646,2304
2646,2308
2646,2312
2646,2316
2646,2320
2646,2324
2646,2328
2646,2332
2646,2336
2646,2340
2646,2344
2646,2348
2646,2352
2646,2356
2646,2360
2646,2364
2646,2368
2646,2372
2646,2376
2646,2380
2646,2384
2646,2388
2646,2392
2646,2396
2646,2400
2646,2404
2646,2408
2646,2412
2646,2416
2646,2420
2646,2424
2646,2428
2646,2432
2650,474
2650,505
2650,540
2650,611
2650,2299
2650,2332
2650,2383
2650,2417
2654,474
2654,505
2654,540
2654,611
2654,2299
2654,2332
2654,2383
2654,2417
2658,474
2658,505
2658,540
2658,611
2658,2299
2658,2332
2658,2383
2658,2417
2662,474
2662,505
2662,540
2662,611
2662,2299
2662,2332
2662,2383
2662,2417
2666,474
2666,505
2666,540
2666,611
2666,2299
2666,2332
2666,2383
2666,2417
2670,474
2670,505
2670,540
2670,611
2670,2299
2670,2332
2670,2383
2670,2417
2674,474
2674,540
2674,611
2674,2299
2674,2332
2674,2383
2674,2417
2678,2417
2679,460
2679,466
2679,470
2679,474
2679,478
2679,482
2679,486
2679,490
2679,494
2679,498
2679,502
2679,506
2679,510
2679,514
2679,518
2679,522
2679,526
2679,530
2679,534
2679,538
2679,542
2679,546
2679,550
2679,583
2679,587
2679,591
2679,595
2679,599
2679,603
2679,607
2679,611
2679,615
2679,619
2679,2271
2679,2275
2679,2279
2679,2322
2679,2326
2679,2335
2679,2339
2679,2343
2679,2347
2681,2299
2683,474
2683,505
2683,540
2683,611
2683,2332
2684,2383
2685,2299
2685,2417
2687,474
2687,505
2687,540
2687,611
2687,642
2687,2332
2688,2383
2689,2299
2689,2417
2691,474
2691,505
2691,540
2691,611
2691,642
2691,2332
2692,2383
2693,2299
2693,2417
2695,474
2695,505
2695,540
2695,611
2695,642
2695,2332
2696,2383
2697,2299
2697,2417
2699,474
2699,505
2699,540
2699,611
2699,642
2699,2332
2700,2383
2701,2299
2701,2417
2703,474
2703,505
2703,540
2703,576
2703,611
2703,642
2703,2332
2704,2383
2705,2299
2705,2417
2707,474
2707,505
2707,540
2707,576
2707,611
2707,642
2707,2332
2708,2383
2709,2299
2709,2417
2713,466
2713,470
2713,474
2713,478
2713,482
2713,486
2713,490
2713,494
2713,498
2713,502
2713,506
2713,510
2713,514
2713,518
2713,523
2713,527
2713,531
2713,535
2713,539
2713,543
2713,547
2713,551
2713,555
2713,559
2713,563
2713,567
2713,571
2713,575
2713,579
2713,583
2713,587
2713,591
2713,595
2713,599
2713,603
2713,607
2713,611
2713,615
2713,619
2713,623
2713,627
2713,631
2713,635
2713,639
2713,643
2713,647
2713,2262
2713,2266
2713,2270
2713,2274
2713,2278
2713,2288
2713,2292
2713,2296
2713,2300
2713,2304
2713,2308
2713,2312
2713,2316
2713,2320
2713,2324
2713,2328
2713,2332
2713,2336
2713,2340
2713,2344
2713,2348
2713,2352
2713,2356
2713,2360
2713,2364
2713,2368
2713,2372
2713,2376
2713,2380
2713,2384
2713,2388
2713,2392
2713,2402
2713,2406
2713,2410
2713,2414
2713,2418
2713,2422
2717,474
2717,505
2717,540
2717,576
2717,611
2717,642
2717,2299
2717,2332
2717,2383
2717,2417
2719,2261
2721,474
2721,505
2721,540
2721,611
2721,642
2721,2299
2721,2332
2721,2383
2721,2417
2723,576
2723,2261
2725,474
2725,505
2725,540
2725,611
2725,642
2725,2299
2725,2332
2725,2383
2725,2417
2727,576
2727,2261
2729,505
2729,540
2729,611
2729,642
2729,2299
2729,2332
2729,2383
2729,2417
2733,505
2733,540
2733,611
2733,642
2733,2332
2733,2383
2733,2417
2734,474
2737,505
2737,540
2737,611
2737,2261
2737,2332
2738,474
2738,642
2738,2299
2740,576
2740,2383
2744,466
2744,470
2744,474
2744,478
2744,482
2744,486
2744,490
2744,494
2744,498
2744,502
2744,506
2744,510
2744,514
2744,518
2744,523
2744,527
2744,531
2744,535
2744,539
2744,543
2744,547
2744,551
2744,555
2744,559
2744,563
2744,567
2744,571
2744,575
2744,579
2744,583
2744,587
2744,591
2744,595
2744,599
2744,603
2744,607
2744,611
2744,615
2744,619
2744,623
2744,627
2744,631
2744,636
2744,640
2744,644
2744,648
2744,652
2744,2259
2744,2263
2744,2267
2744,2271
2744,2275
2744,2279
2744,2288
2744,2292
2744,2296
2744,2300
2744,2304
2744,2308
2744,2312
2744,2316
2744,2320
2744,2324
2744,2328
2744,2332
2744,2336
2744,2340
2744,2344
2744,2348
2744,2352
2744,2356
2744,2360
2744,2364
2744,2368
2744,2372
2744,2376
2744,2380
2744,2384
2744,2388
2744,2392
2744,2396
2744,2400
2744,2404
2744,2408
2744,2412
2744,2416
2748,474
2748,505
2748,540
2748,576
2748,611
2748,642
2748,2261
2748,2299
2748,2332
2748,2383
2752,474
2752,505
2752,540
2752,576
2752,611
2752,642
2752,2261
2752,2299
2752,2332
2752,2383
2756,474
2756,505
2756,540
2756,611
2756,642
2756,2261
2756,2299
2756,2332
2756,2383
2760,474
2760,505
2760,540
2760,611
2760,642
2760,2261
2760,2299
2760,2332
2760,2383
2764,474
2764,505
2764,540
2764,611
2764,642
2764,2261
2764,2299
2764,2332
2764,2383
2768,474
2768,505
2768,540
2768,611
2768,642
2768,2261
2768,2299
2768,2332
2768,2383
2772,474
2772,505
2772,540
2772,611
2772,642
2772,2261
2772,2299
2772,2332
2772,2383
2776,471
2776,475
2776,479
2776,483
2776,487
2776,491
2776,495
2776,499
2776,503
2776,507
2776,511
2776,515
2776,519
2776,523
2776,527
2776,531
2776,535
2776,539
2776,543
2776,547
2776,551
2776,555
2776,559
2776,563
2776,567
2776,571
2776,579
2776,583
2776,587
2776,591
2776,595
2776,599
2776,603
2776,607
2776,611
2776,615
2776,619
2776,623
2776,627
2776,631
2776,635
2776,639
2776,643
2776,647
2776,651
2776,655
2776,2254
2776,2258
2776,2262
2776,2266
2776,2270
2776,2274
2776,2278
2776,2286
2776,2290
2776,2294
2776,2298
2776,2302
2776,2306
2776,2310
2776,2314
2776,2318
2776,2322
2776,2326
2776,2330
2776,2334
2776,2343
2776,2347
2776,2351
2776,2355
2776,2359
2776,2363
2776,2367
2776,2371
2776,2375
2776,2379
2776,2383
2776,2387
2776,2391
2776,2395
2776,2399
2776,2403
2776,2407
2780,474
2780,505
2780,540
2780,611
2780,642
2780,2261
2780,2299
2780,2332
2780,2383
2784,474
2784,505
2784,540
2784,611
2784,642
2784,2261
2784,2299
2784,2332
2784,2383
2788,474
2788,540
2788,642
2788,2332
2788,2383
2789,505
2792,474
2792,540
2792,611
2793,505
2794,2261
2794,2299
2794,2332
2795,642
2796,474
2796,540
2796,611
2797,505
2797,2383
2798,2261
2798,2299
2798,2332
2799,642
2800,474
2800,540
2800,576
2800,611
2801,505
2801,2383
2802,2261
2802,2299
2802,2332
2803,642
2804,474
2804,540
2804,576
2804,611
2805,505
2805,2383
2809,472
2809,476
2809,480
2809,484
2809,488
2809,492
2809,496
2809,500
2809,504
2809,508
2809,512
2809,516
2809,523
2809,527
2809,531
2809,535
2809,539
2809,543
2809,547
2809,551
2809,555
2809,559
2809,563
2809,567
2809,571
2809,575
2809,579
2809,583
2809,587
2809,591
2809,595
2809,599
2809,603
2809,607
2809,611
2809,615
2809,619
2809,623
2809,627
2809,631
2809,635
2809,639
2809,643
2809,647
2809,651
2809,655
2809,659
2809,2245
2809,2249
2809,2253
2809,2257
2809,2261
2809,2265
2809,2269
2809,2273
2809,2277
2809,2285
2809,2289
2809,2293
2809,2297
2809,2301
2809,2305
2809,2309
2809,2313
2809,2317
2809,2321
2809,2325
2809,2329
2809,2333
2809,2337
2809,2341
2809,2345
2809,2349
2809,2353
2809,2357
2809,2361
2809,2365
2809,2369
2809,2373
2809,2377
2809,2381
2809,2385
2809,2389
2809,2393
2809,2397
2809,2401
2809,2405
2813,474
2813,505
2813,540
2813,576
2813,611
2813,642
2813,2261
2813,2299
2813,2332
2813,2383
2817,474
2817,505
2817,540
2817,576
2817,611
2817,642
2817,2261
2817,2299
2817,2332
2817,2383
2821,474
2821,505
2821,540
2821,576
2821,611
2821,642
2821,2261
2821,2299
2821,2332
2821,2383
2825,474
2825,505
2825,540
2825,576
2825,611
2825,642
2825,2261
2825,2299
2825,2332
2825,2383
2829,474
2829,505
2829,540
2829,576
2829,611
2829,642
2829,2261
2829,2299
2829,2332
2829,2383
2833,474
2833,505
2833,540
2833,576
2833,611
2833,642
2833,2261
2833,2299
2833,2332
2833,2383
2837,474
2837,505
2837,540
2837,611
2837,642
2837,2261
2837,2299
2837,2332
2837,2383
2841,505
2841,540
2841,611
2841,642
2841,2261
2841,2299
2841,2332
2841,2383
2845,2332
2847,475
2847,479
2847,483
2847,487
2847,491
2847,495
2847,499
2847,503
2847,507
2847,511
2847,515
2847,524
2847,528
2847,532
2847,536
2847,540
2847,544
2847,548
2847,552
2847,556
2847,560
2847,564
2847,568
2847,608
2847,612
2847,616
2847,620
2847,624
2847,2306
2847,2310
2847,2314
2847,2376
2847,2380
2847,2384
2850,642
2850,2261
2851,505
2851,540
2851,611
2851,2299
2852,2332
2854,642
2854,2261
2854,2383
2855,505
2855,540
2855,611
2855,2299
2856,2332
2858,642
2858,2261
2858,2383
2859,505
2859,540
2859,611
2859,2299
2860,2332
2862,642
2862,2261
2862,2383
2863,505
2863,540
2863,611
2863,2299
2864,2332
2866,642
2866,2261
2866,2383
2867,505
2867,540
2867,611
2867,2299
2868,2332
2869,2229
2870,642
2870,2261
2870,2383
2871,505
2871,540
2871,611
2871,2299
2872,2332
2873,2229
2874,642
2874,2261
2874,2383
2878,478
2878,482
2878,486
2878,490
2878,494
2878,498
2878,502
2878,506
2878,510
2878,514
2878,520
2878,524
2878,528
2878,532
2878,536
2878,540
2878,544
2878,548
2878,552
2878,556
2878,560
2878,564
2878,568
2878,572
2878,579
2878,583
2878,587
2878,591
2878,595
2878,599
2878,603
2878,607
2878,611
2878,615
2878,619
2878,623
2878,627
2878,631
2878,635
2878,639
2878,643
2878,647
2878,651
2878,655
2878,659
2878,663
2878,667
2878,671
2878,2226
2878,2230
2878,2234
2878,2238
2878,2242
2878,2246
2878,2250
2878,2254
2878,2258
2878,2262
2878,2266
2878,2270
2878,2274
2878,2278
2878,2282
2878,2286
2878,2290
2878,2294
2878,2298
2878,2302
2878,2306
2878,2310
2878,2314
2878,2318
2878,2322
2878,2326
2878,2330
2878,2340
2878,2344
2878,2348
2878,2352
2878,2356
2878,2360
2878,2364
2878,2368
2878,2372
2878,2376
2878,2380
2878,2384
2878,2388
2882,505
2882,540
2882,611
2882,642
2882,2229
2882,2261
2882,2299
2882,2332
2882,2383
2886,505
2886,540
2886,611
2886,642
2886,2229
2886,2261
2886,2299
2886,2383
2888,2332
2890,505
2890,540
2890,611
2890,642
2890,2229
2890,2261
2890,2299
2890,2383
2892,2332
2894,505
2894,540
2894,611
2894,642
2894,2229
2894,2261
2894,2299
2894,2383
2896,2332
2898,505
2898,540
2898,611
2898,642
2898,2261
2898,2299
2898,2383
2900,2332
2902,505
2902,540
2902,611
2902,642
2902,2299
2902,2383
2905,2229
2906,505
2906,540
2906,611
2906,642
2906,2261
2906,2299
2911,484
2911,488
2911,492
2911,496
2911,500
2911,504
2911,508
2911,512
2911,516
2911,520
2911,524
2911,528
2911,532
2911,536
2911,540
2911,544
2911,548
2911,552
2911,556
2911,560
2911,564
2911,568
2911,572
2911,578
2911,582
2911,586
2911,590
2911,594
2911,598
2911,602
2911,606
2911,610
2911,614
2911,618
2911,622
2911,626
2911,630
2911,634
2911,638
2911,642
2911,646
2911,650
2911,654
2911,658
2911,662
2911,666
2911,670
2911,674
2911,2219
2911,2223
2911,2227
2911,2231
2911,2235
2911,2239
2911,2243
2911,2247
2911,2251
2911,2255
2911,2259
2911,2263
2911,2267
2911,2271
2911,2281
2911,2285
2911,2289
2911,2293
2911,2297
2911,2301
2911,2305
2911,2309
2911,2313
2911,2317
2911,2321
2911,2325
2911,2329
2911,2339
2911,2343
2911,2347
2911,2351
2911,2355
2911,2359
2911,2363
2911,2367
2911,2371
2911,2375
2911,2379
2915,505
2915,540
2915,576
2915,611
2915,642
2915,2229
2915,2261
2915,2299
2915,2332
2919,505
2919,540
2919,576
2919,611
2919,642
2919,2229
2919,2261
2919,2299
2919,2332
2923,505
2923,540
2923,576
2923,611
2923,642
2923,2229
2923,2261
2923,2299
2927,505
2927,540
2927,576
2927,611
2927,642
2927,2229
2927,2261
2927,2299
2931,505
2931,540
2931,576
2931,611
2931,642
2931,2229
2931,2261
2931,2299
2933,2332
2935,505
2935,540
2935,576
2935,611
2935,642
2935,2229
2935,2261
2935,2299
2937,2332
2939,505
2939,540
2939,576
2939,611
2939,642
2939,2229
2939,2261
2939,2299
2943,487
2943,491
2943,495
2943,499
2943,503
2943,507
2943,511
2943,515
2943,520
2943,524
2943,528
2943,532
2943,536
2943,540
2943,544
2943,548
2943,552
2943,556
2943,560
2943,564
2943,568
2943,572
2943,576
2943,580
2943,584
2943,588
2943,592
2943,596
2943,600
2943,604
2943,608
2943,612
2943,616
2943,620
2943,624
2943,628
2943,632
2943,636
2943,640
2943,644
2943,648
2943,652
2943,656
2943,660
2943,664
2943,668
2943,672
2943,676
2943,680
2943,2207
2943,2211
2943,2215
2943,2223
2943,2227
2943,2231
2943,2235
2943,2239
2943,2243
2943,2247
2943,2251
2943,2255
2943,2259
2943,2263
2943,2267
2943,2271
2943,2280
2943,2284
2943,2288
2943,2292
2943,2296
2943,2300
2943,2304
2943,2308
2943,2312
2943,2316
2943,2320
2943,2324
2943,2328
2943,2332
2943,2336
2943,2340
2943,2344
2943,2348
2943,2352
2943,2356
2943,2360
2943,2364
2943,2368
2943,2372
2947,505
2947,540
2947,576
2947,611
2947,642
2947,2229
2947,2261
2947,2299
2948,2332
2951,505
2951,540
2951,576
2951,611
2951,642
2951,2229
2951,2261
2951,2299
2952,2332
2955,505
2955,611
2955,642
2955,2229
2955,2299
2956,2332
2958,540
2959,505
2959,642
2959,2229
2959,2299
2962,540
2962,576
2962,611
2962,2261
2963,505
2963,642
2963,2229
2963,2299
2965,686
2966,540
2966,576
2966,611
2966,2261
2967,505
2967,642
2967,2229
2967,2299
2969,686
2970,540
2970,576
2970,611
2970,2261
2974,492
2974,496
2974,500
2974,504
2974,508
2974,512
2974,516
2974,520
2974,524
2974,528
2974,532
2974,536
2974,540
2974,544
2974,548
2974,552
2974,556
2974,560
2974,564
2974,568
2974,572
2974,576
2974,580
2974,584
2974,588
2974,592
2974,596
2974,600
2974,604
2974,608
2974,612
2974,616
2974,620
2974,624
2974,628
2974,632
2974,636
2974,640
2974,644
2974,648
2974,652
2974,656
2974,660
2974,664
2974,668
2974,672
2974,676
2974,680
2974,684
2974,688
2974,2198
2974,2202
2974,2206
2974,2210
2974,2214
2974,2218
2974,2222
2974,2226
2974,2230
2974,2234
2974,2238
2974,2242
2974,2246
2974,2250
2974,2254
2974,2258
2974,2262
2974,2266
2974,2270
2974,2274
2974,2278
2974,2282
2974,2286
2974,2290
2974,2294
2974,2298
2974,2302
2974,2306
2974,2310
2974,2314
2974,2318
2974,2322
2974,2326
2974,2337
2974,2341
2974,2345
2974,2349
2974,2353
2974,2357
2974,2361
2978,505
2978,540
2978,576
2978,611
2978,642
2978,686
2978,2229
2978,2261
2978,2299
2982,505
2982,540
2982,576
2982,611
2982,642
2982,686
2982,2229
2982,2261
2982,2299
2984,2332
2986,505
2986,540
2986,576
2986,611
2986,642
2986,2229
2986,2261
2986,2299
2988,2332
2990,505
2990,540
2990,576
2990,611
2990,642
2990,2229
2990,2261
2990,2299
2991,2191
2992,686
2994,505
2994,540
2994,576
2994,611
2994,642
2994,2229
2994,2261
2994,2299
2995,2191
2996,686
2998,505
2998,540
2998,576
2998,611
2998,642
2998,2229
2998,2261
2998,2299
2999,2191
3000,686
3002,505
3002,540
3002,576
3002,611
3002,642
3002,2229
3002,2261
3002,2299
3003,2191
3004,686
3006,505
3006,540
3006,576
3006,611
3006,642
3006,2229
3006,2261
3006,2299
3007,2191
3008,686
3010,540
3010,611
3010,2229
3010,2261
3010,2299
3013,498
3013,502
3013,506
3013,510
3013,523
3013,527
3013,531
3013,535
3013,557
3013,561
3013,565
3013,569
3013,573
3013,577
3013,616
3013,620
3013,636
3013,640
3013,644
3013,648
3013,652
3013,656
3013,660
3013,664
3013,668
3013,672
3013,676
3013,680
3013,690
3013,694
3013,2181
3013,2185
3013,2189
3013,2193
3013,2197
3013,2201
3013,2267
3013,2279
3013,2283
3013,2312
3013,2321
3013,2325
3013,2337
3013,2341
3013,2345
3013,2349
3013,2353
3014,540
3016,611
3017,505
3017,576
3017,642
3017,2191
3017,2229
3018,540
3018,2261
3020,611
3020,2299
3021,505
3021,576
3021,642
3021,2191
3021,2229
3022,540
3022,686
3022,2261
3024,611
3024,2299
3025,505
3025,576
3025,642
3025,2191
3025,2229
3026,540
3026,686
3026,2261
3028,611
3028,2299
3029,505
3029,576
3029,642
3029,2191
3029,2229
3030,540
3030,686
3030,2261
3032,611
3032,2299
3033,505
3033,576
3033,642
3033,2191
3033,2229
3034,540
3034,686
3034,2261
3036,611
3036,2299
3037,505
3037,576
3037,642
3037,2191
3037,2229
3038,540
3038,686
3038,2261
3040,611
3040,2299
3044,504
3044,508
3044,512
3044,520
3044,524
3044,528
3044,532
3044,536
3044,540
3044,544
3044,548
3044,552
3044,556
3044,560
3044,564
3044,568
3044,574
3044,578
3044,582
3044,586
3044,590
3044,594
3044,598
3044,602
3044,606
3044,610
3044,614
3044,618
3044,622
3044,626
3044,631
3044,635
3044,639
3044,643
3044,647
3044,651
3044,655
3044,659
3044,663
3044,667
3044,671
3044,675
3044,679
3044,683
3044,687
3044,691
3044,695
3044,699
3044,703
3044,2165
3044,2169
3044,2173
3044,2177
3044,2181
3044,2185
3044,2189
3044,2193
3044,2197
3044,2201
3044,2205
3044,2209
3044,2213
3044,2217
3044,2221
3044,2225
3044,2229
3044,2233
3044,2237
3044,2241
3044,2245
3044,2249
3044,2253
3044,2257
3044,2261
3044,2265
3044,2269
3044,2273
3044,2277
3044,2281
3044,2285
3044,2289
3044,2293
3044,2297
3044,2301
3044,2305
3044,2309
3044,2313
3044,2317
3044,2321
3044,2325
3044,2334
3044,2338
3044,2342
3044,2346
3048,540
3048,576
3048,611
3048,642
3048,686
3048,2191
3048,2229
3048,2261
3048,2299
3048,2332
3052,540
3052,576
3052,611
3052,642
3052,686
3052,2191
3052,2229
3052,2261
3052,2299
3052,2332
3056,540
3056,576
3056,611
3056,642
3056,686
3056,2191
3056,2229
3056,2261
3056,2299
3056,2332
3060,540
3060,576
3060,611
3060,642
3060,686
3060,2191
3060,2229
3060,2261
3060,2299
3063,2332
3064,540
3064,576
3064,611
3064,642
3064,686
3064,2191
3064,2229
3064,2261
3064,2299
3067,2332
3068,540
3068,642
3068,686
3068,2229
3068,2261
3068,2299
3072,540
3072,611
3072,717
3072,2191
3072,2229
3072,2261
3073,576
3073,642
3073,2154
3076,540
3076,611
3076,717
3076,2191
3076,2229
3076,2261
3076,2299
3077,576
3077,642
3077,2154
3081,519
3081,523
3081,527
3081,531
3081,535
3081,539
3081,543
3081,547
3081,551
3081,555
3081,559
3081,563
3081,567
3081,571
3081,575
3081,579
3081,583
3081,587
3081,591
3081,595
3081,599
3081,603
3081,607
3081,611
3081,615
3081,619
3081,623
3081,627
3081,631
3081,635
3081,639
3081,643
3081,647
3081,651
3081,655
3081,659
3081,663
3081,667
3081,671
3081,675
3081,679
3081,683
3081,688
3081,692
3081,696
3081,700
3081,704
3081,708
3081,712
3081,716
3081,720
3081,2150
3081,2154
3081,2161
3081,2165
3081,2169
3081,2173
3081,2177
3081,2181
3081,2185
3081,2189
3081,2193
3081,2197
3081,2201
3081,2205
3081,2209
3081,2213
3081,2217
3081,2221
3081,2225
3081,2229
3081,2233
3081,2237
3081,2241
3081,2245
3081,2249
3081,2253
3081,2257
3081,2261
3081,2265
3081,2269
3081,2276
3081,2280
3081,2284
3081,2288
3081,2292
3081,2296
3081,2300
3081,2304
3081,2308
3081,2312
3081,2316
3081,2320
3081,2324
3081,2328
3081,2333
3081,2337
3085,540
3085,576
3085,611
3085,642
3085,717
3085,2191
3085,2229
3085,2261
3085,2299
3085,2332
3088,2154
3089,540
3089,576
3089,611
3089,642
3089,717
3089,2191
3089,2229
3089,2261
3089,2299
3092,686
3092,2154
3093,540
3093,576
3093,611
3093,642
3093,717
3093,2191
3093,2229
3093,2261
3093,2299
3095,2332
3096,686
3096,2154
3097,540
3097,576
3097,611
3097,642
3097,717
3097,2191
3097,2229
3097,2261
3097,2299
3099,2332
3100,686
3100,2154
3101,540
3101,611
3101,642
3101,717
3101,2191
3101,2229
3101,2261
3101,2299
3104,686
3105,540
3105,576
3105,611
3105,642
3105,717
3105,2191
3105,2229
3105,2261
3105,2299
3107,2154
3108,686
3112,528
3112,532
3112,536
3112,540
3112,544
3112,548
3112,552
3112,556
3112,560
3112,564
3112,568
3112,574
3112,578
3112,582
3112,586
3112,590
3112,594
3112,598
3112,602
3112,606
3112,610
3112,614
3112,618
3112,622
3112,626
3112,630
3112,634
3112,638
3112,642
3112,646
3112,650
3112,654
3112,658
3112,662
3112,666
3112,670
3112,674
3112,678
3112,682
3112,686
3112,690
3112,694
3112,698
3112,702
3112,706
3112,710
3112,714
3112,718
3112,722
3112,726
3112,730
3112,734
3112,738
3112,2137
3112,2141
3112,2145
3112,2149
3112,2153
3112,2157
3112,2161
3112,2165
3112,2169
3112,2173
3112,2177
3112,2181
3112,2185
3112,2189
3112,2193
3112,2197
3112,2201
3112,2205
3112,2209
3112,2213
3112,2217
3112,2221
3112,2225
3112,2229
3112,2233
3112,2237
3112,2241
3112,2245
3112,2249
3112,2253
3112,2257
3112,2261
3112,2265
3112,2274
3112,2278
3112,2282
3112,2286
3112,2290
3112,2294
3112,2298
3112,2302
3112,2306
3112,2310
3112,2314
3112,2318
3112,2322
3112,2326
3112,2330
3116,540
3116,576
3116,611
3116,642
3116,686
3116,717
3116,2154
3116,2191
3116,2229
3116,2261
3116,2299
3120,540
3120,576
3120,611
3120,642
3120,686
3120,717
3120,2191
3120,2229
3120,2261
3120,2299
3124,540
3124,611
3124,642
3124,717
3124,2191
3124,2229
3124,2261
3124,2299
3128,540
3128,576
3128,611
3128,642
3128,717
3128,2191
3128,2229
3128,2261
3128,2299
3130,750
3132,540
3132,576
3132,611
3132,642
3132,717
3132,2191
3132,2229
3132,2261
3132,2299
3134,750
3135,686
3136,540
3136,576
3136,611
3136,642
3136,717
3136,2191
3136,2229
3136,2261
3136,2299
3138,750
3139,686
3139,2122
3140,540
3140,576
3140,611
3140,642
3140,717
3140,2191
3140,2229
3140,2261
3140,2299
3145,533
3145,537
3145,541
3145,545
3145,549
3145,553
3145,557
3145,561
3145,565
3145,569
3145,573
3145,577
3145,581
3145,585
3145,589
3145,593
3145,597
3145,601
3145,605
3145,609
3145,613
3145,617
3145,621
3145,625
3145,629
3145,633
3145,637
3145,641
3145,645
3145,649
3145,653
3145,657
3145,661
3145,665
3145,669
3145,673
3145,677
3145,681
3145,685
3145,689
3145,693
3145,697
3145,701
3145,705
3145,709
3145,713
3145,717
3145,721
3145,725
3145,729
3145,733
3145,737
3145,741
3145,745
3145,749
3145,753
3145,757
3145,761
3145,2118
3145,2122
3145,2126
3145,2130
3145,2134
3145,2138
3145,2142
3145,2146
3145,2150
3145,2159
3145,2163
3145,2167
3145,2171
3145,2175
3145,2179
3145,2183
3145,2187
3145,2191
3145,2195
3145,2199
3145,2203
3145,2207
3145,2211
3145,2215
3145,2219
3145,2223
3145,2227
3145,2231
3145,2235
3145,2239
3145,2243
3145,2247
3145,2251
3145,2255
3145,2259
3145,2263
3145,2267
3145,2271
3145,2275
3145,2279
3145,2283
3145,2287
3145,2291
3145,2295
3145,2299
3145,2303
3145,2307
3145,2311
3145,2315
3145,2319
3145,2323
3149,540
3149,576
3149,611
3149,642
3149,686
3149,717
3149,750
3149,2122
3149,2191
3149,2229
3149,2261
3149,2299
3153,540
3153,576
3153,611
3153,642
3153,686
3153,717
3153,750
3153,2122
3153,2191
3153,2229
3153,2261
3153,2299
3157,540
3157,576
3157,611
3157,642
3157,686
3157,717
3157,750
3157,2122
3157,2191
3157,2229
3157,2261
3157,2299
3161,540
3161,576
3161,611
3161,642
3161,686
3161,717
3161,750
3161,2122
3161,2191
3161,2229
3161,2261
3161,2299
3162,2154
3165,540
3165,576
3165,611
3165,642
3165,686
3165,717
3165,750
3165,2122
3165,2191
3165,2229
3165,2261
3165,2299
3166,2154
3169,540
3169,576
3169,611
3169,642
3169,686
3169,717
3169,750
3169,2122
3169,2191
3169,2229
3169,2261
3169,2299
3170,2154
3173,576
3173,611
3173,642
3173,686
3173,717
3173,750
3173,2122
3173,2191
3173,2229
3173,2261
3173,2299
3174,2154
3175,782
3177,611
3177,642
3177,686
3177,717
3177,750
3177,2191
3177,2229
3177,2261
3177,2299
3181,559
3181,563
3181,612
3181,616
3181,634
3181,638
3181,642
3181,646
3181,695
3181,699
3181,703
3181,707
3181,711
3181,715
3181,719
3181,723
3181,727
3181,731
3181,735
3181,743
3181,747
3181,751
3181,755
3181,759
3181,763
3181,767
3181,771
3181,775
3181,779
3181,783
3181,2104
3181,2108
3181,2117
3181,2196
3181,2200
3181,2204
3181,2216
3181,2220
3181,2224
3181,2228
3181,2232
3181,2236
3181,2240
3181,2244
3181,2254
3181,2258
3181,2262
3181,2274
3181,2278
3181,2299
3181,2308
3181,2312
3182,2122
3183,576
3184,2154
3185,611
3185,642
3185,782
3185,2191
3185,2229
3185,2261
3186,2090
3186,2122
3187,576
3188,717
3188,750
3188,2154
3189,611
3189,642
3189,686
3189,782
3189,2191
3189,2229
3189,2261
3189,2299
3190,2090
3190,2122
3191,576
3192,717
3192,750
3192,2154
3193,611
3193,642
3193,686
3193,782
3193,2191
3193,2229
3193,2261
3193,2299
3194,2090
3194,2122
3195,576
3196,717
3196,750
3196,2154
3197,611
3197,642
3197,686
3197,782
3197,2191
3197,2229
3197,2261
3197,2299
3198,2090
3198,2122
3199,576
3200,717
3200,750
3200,2154
3201,611
3201,642
3201,686
3201,782
3201,2191
3201,2229
3201,2261
3201,2299
3202,2090
3202,2122
3203,576
3204,717
3204,750
3204,2154
3205,611
3205,642
3205,686
3205,782
3205,2191
3205,2229
3205,2261
3205,2299
3206,2090
3206,2122
3207,576
3208,717
3208,750
3208,2154
3209,611
3209,642
3209,686
3209,782
3209,2191
3209,2229
3209,2261
3209,2299
3213,577
3213,581
3213,585
3213,589
3213,593
3213,597
3213,601
3213,605
3213,609
3213,613
3213,617
3213,621
3213,630
3213,634
3213,638
3213,642
3213,646
3213,650
3213,654
3213,658
3213,662
3213,666
3213,670
3213,674
3213,678
3213,682
3213,686
3213,690
3213,694
3213,698
3213,702
3213,706
3213,710
3213,714
3213,718
3213,722
3213,726
3213,730
3213,734
3213,738
3213,742
3213,746
3213,750
3213,754
3213,758
3213,762
3213,766
3213,770
3213,774
3213,778
3213,782
3213,786
3213,790
3213,794
3213,2070
3213,2074
3213,2078
3213,2082
3213,2086
3213,2090
3213,2100
3213,2104
3213,2108
3213,2112
3213,2116
3213,2120
3213,2124
3213,2128
3213,2132
3213,2136
3213,2140
3213,2144
3213,2148
3213,2152
3213,2156
3213,2160
3213,2164
3213,2168
3213,2172
3213,2176
3213,2180
3213,2184
3213,2188
3213,2192
3213,2196
3213,2200
3213,2204
3213,2214
3213,2218
3213,2222
3213,2226
3213,2230
3213,2234
3213,2238
3213,2242
3213,2246
3213,2250
3213,2254
3213,2258
3213,2262
3213,2266
3213,2270
3213,2274
3213,2278
3213,2282
3213,2286
3213,2290
3213,2294
3213,2298
3213,2302
3217,611
3217,642
3217,686
3217,717
3217,750
3217,782
3217,2090
3217,2122
3217,2154
3217,2191
3217,2229
3217,2261
3217,2299
3221,611
3221,642
3221,686
3221,717
3221,750
3221,782
3221,2090
3221,2122
3221,2154
3221,2191
3221,2229
3221,2261
3221,2299
3225,611
3225,642
3225,686
3225,717
3225,750
3225,782
3225,2090
3225,2122
3225,2154
3225,2191
3225,2229
3225,2261
3225,2299
3229,611
3229,642
3229,686
3229,717
3229,750
3229,782
3229,2090
3229,2122
3229,2154
3229,2191
3229,2229
3229,2261
3233,611
3233,642
3233,717
3233,750
3233,782
3233,2191
3233,2229
3233,2261
3237,750
3237,782
3237,2090
3237,2191
3237,2261
3238,2122
3239,611
3240,642
3240,2229
3241,750
3241,782
3241,2090
3241,2191
3241,2261
3242,2122
3243,611
3244,642
3244,2050
3244,2229
3248,593
3248,597
3248,601
3248,605
3248,609
3248,613
3248,617
3248,621
3248,625
3248,629
3248,633
3248,637
3248,641
3248,645
3248,649
3248,653
3248,657
3248,734
3248,742
3248,746
3248,750
3248,754
3248,758
3248,762
3248,766
3248,770
3248,774
3248,778
3248,782
3248,786
3248,790
3248,798
3248,802
3248,806
3248,810
3248,2047
3248,2051
3248,2055
3248,2059
3248,2063
3248,2067
3248,2071
3248,2075
3248,2079
3248,2083
3248,2087
3248,2091
3248,2099
3248,2103
3248,2107
3248,2111
3248,2115
3248,2119
3248,2123
3248,2127
3248,2131
3248,2135
3248,2139
3248,2143
3248,2147
3248,2151
3248,2155
3248,2159
3248,2163
3248,2167
3248,2171
3248,2175
3248,2179
3248,2183
3248,2187
3248,2191
3248,2195
3248,2199
3248,2203
3248,2214
3248,2218
3248,2222
3248,2226
3248,2230
3248,2234
3248,2238
3248,2242
3248,2246
3248,2250
3248,2254
3248,2258
3248,2262
3248,2271
3248,2275
3248,2279
3248,2283
3248,2287
3248,2291
3252,611
3252,642
3252,750
3252,782
3252,2050
3252,2090
3252,2122
3252,2154
3252,2191
3252,2229
3252,2261
3256,611
3256,642
3256,750
3256,782
3256,2050
3256,2090
3256,2122
3256,2154
3256,2191
3256,2229
3256,2261
3260,611
3260,642
3260,750
3260,782
3260,2050
3260,2090
3260,2122
3260,2154
3260,2191
3260,2229
3260,2261
3264,611
3264,642
3264,750
3264,782
3264,2050
3264,2090
3264,2122
3264,2154
3264,2191
3264,2229
3264,2261
3268,611
3268,642
3268,750
3268,782
3268,2050
3268,2090
3268,2122
3268,2191
3268,2229
3268,2261
3272,611
3272,642
3272,750
3272,782
3272,2050
3272,2090
3272,2122
3272,2191
3272,2229
3272,2261
3279,600
3279,604
3279,608
3279,612
3279,616
3279,620
3279,624
3279,628
3279,632
3279,636
3279,640
3279,644
3279,746
3279,750
3279,754
3279,758
3279,762
3279,766
3279,770
3279,774
3279,778
3279,782
3279,786
3279,790
3279,797
3279,801
3279,805
3279,809
3279,813
3279,817
3279,821
3279,825
3279,829
3279,2026
3279,2030
3279,2034
3279,2038
3279,2042
3279,2046
3279,2050
3279,2054
3279,2058
3279,2062
3279,2066
3279,2070
3279,2074
3279,2078
3279,2082
3279,2086
3279,2090
3279,2094
3279,2098
3279,2102
3279,2106
3279,2110
3279,2114
3279,2118
3279,2122
3279,2126
3279,2130
3279,2134
3279,2138
3279,2142
3279,2146
3279,2150
3279,2154
3279,2158
3279,2162
3279,2166
3279,2170
3279,2174
3279,2178
3279,2182
3279,2186
3279,2190
3279,2194
3279,2198
3279,2202
3279,2212
3279,2216
3279,2220
3279,2224
3279,2228
3279,2232
3279,2236
3279,2240
3279,2244
3279,2248
3279,2252
3279,2256
3279,2260
3279,2270
3279,2274
3279,2278
3283,611
3283,642
3283,750
3283,782
3283,830
3283,2050
3283,2090
3283,2122
3283,2154
3283,2191
3283,2229
3283,2261
3287,611
3287,642
3287,750
3287,782
3287,830
3287,2122
3287,2191
3287,2229
3291,611
3291,642
3291,750
3291,782
3291,830
3291,2050
3291,2122
3291,2229
3293,2090
3293,2154
3294,2016
3295,611
3295,642
3295,750
3295,782
3295,830
3295,2050
3295,2122
3295,2229
3296,2191
3297,2090
3297,2154
3298,2016
3299,611
3299,642
3299,750
3299,782
3299,2050
3299,2122
3299,2229
3300,2191
3300,2261
3301,2090
3301,2154
3302,830
3302,2016
3303,611
3303,642
3303,750
3303,782
3303,2050
3303,2229
3304,2191
3305,2154
3306,830
3306,2016
3307,642
3307,750
3307,782
3307,2050
3307,2229
3311,613
3311,617
3311,621
3311,627
3311,631
3311,635
3311,639
3311,643
3311,647
3311,651
3311,655
3311,737
3311,741
3311,745
3311,749
3311,753
3311,757
3311,761
3311,765
3311,769
3311,773
3311,777
3311,781
3311,785
3311,789
3311,793
3311,797
3311,801
3311,805
3311,809
3311,813
3311,817
3311,821
3311,825
3311,829
3311,833
3311,837
3311,841
3311,845
3311,849
3311,853
3311,2005
3311,2009
3311,2013
3311,2017
3311,2021
3311,2025
3311,2029
3311,2033
3311,2041
3311,2045
3311,2049
3311,2053
3311,2057
3311,2061
3311,2065
3311,2069
3311,2073
3311,2077
3311,2081
3311,2085
3311,2149
3311,2153
3311,2157
3311,2161
3311,2165
3311,2169
3311,2173
3311,2177
3311,2181
3311,2185
3311,2189
3311,2193
3311,2197
3311,2201
3311,2210
3311,2214
3311,2218
3311,2222
3311,2226
3311,2230
3311,2234
3311,2238
3311,2242
3311,2246
3311,2250
3311,2254
3311,2258
3315,642
3315,750
3315,782
3315,830
3315,2016
3315,2050
3315,2191
3315,2229
3319,642
3319,750
3319,782
3319,830
3319,2016
3319,2050
3319,2191
3319,2229
3323,642
3323,750
3323,782
3323,830
3323,865
3323,2016
3323,2050
3323,2191
3323,2229
3327,642
3327,717
3327,750
3327,782
3327,830
3327,865
3327,2016
3327,2050
3327,2191
3327,2229
3331,642
3331,686
3331,717
3331,750
3331,782
3331,830
3331,865
3331,2016
3331,2050
3331,2191
3331,2229
3335,642
3335,686
3335,717
3335,750
3335,782
3335,830
3335,865
3335,2016
3335,2050
3335,2191
3335,2229
3342,638
3342,642
3342,646
3342,650
3342,654
3342,658
3342,662
3342,666
3342,670
3342,674
3342,678
3342,682
3342,686
3342,690
3342,694
3342,698
3342,702
3342,706
3342,710
3342,714
3342,718
3342,722
3342,726
3342,730
3342,734
3342,740
3342,744
3342,748
3342,752
3342,756
3342,760
3342,764
3342,768
3342,772
3342,776
3342,780
3342,784
3342,788
3342,795
3342,799
3342,803
3342,807
3342,811
3342,815
3342,819
3342,823
3342,827
3342,831
3342,835
3342,839
3342,843
3342,847
3342,851
3342,855
3342,859
3342,863
3342,867
3342,871
3342,875
3342,879
3342,883
3342,887
3342,2001
3342,2005
3342,2009
3342,2013
3342,2017
3342,2021
3342,2025
3342,2029
3342,2052
3342,2168
3342,2172
3342,2176
3342,2180
3342,2184
3342,2188
3342,2192
3342,2196
3342,2200
3342,2210
3342,2214
3342,2218
3342,2222
3342,2226
3342,2230
3342,2234
3344,1984
3346,642
3346,686
3346,717
3346,750
3346,782
3346,830
3346,865
3346,2016
3346,2050
3346,2191
3348,1984
3350,717
3350,750
3350,782
3350,830
3350,865
3350,2016
3350,2050
3350,2191
3351,898
3352,1984
3354,686
3354,717
3354,750
3354,782
3354,830
3354,865
3354,2016
3354,2050
3354,2191
3355,898
3356,1984
3358,686
3358,717
3358,750
3358,782
3358,830
3358,865
3358,2016
3358,2050
3358,2191
3359,898
3360,1984
3362,686
3362,717
3362,750
3362,782
3362,830
3362,865
3362,2016
3362,2050
3362,2191
3363,898
3364,1984
3366,686
3366,717
3366,750
3366,782
3366,830
3366,865
3366,2016
3366,2050
3366,2191
3367,898
3368,1984
3370,686
3370,717
3370,750
3370,782
3370,830
3370,865
3370,2016
3370,2050
3370,2191
3374,662
3374,666
3374,670
3374,674
3374,678
3374,682
3374,686
3374,690
3374,694
3374,698
3374,702
3374,706
3374,710
3374,714
3374,718
3374,722
3374,726
3374,730
3374,734
3374,738
3374,742
3374,746
3374,750
3374,754
3374,758
3374,762
3374,766
3374,770
3374,774
3374,778
3374,782
3374,786
3374,790
3374,794
3374,798
3374,802
3374,806
3374,810
3374,814
3374,818
3374,822
3374,826
3374,830
3374,834
3374,838
3374,842
3374,846
3374,850
3374,854
3374,858
3374,862
3374,866
3374,870
3374,874
3374,878
3374,882
3374,886
3374,890
3374,894
3374,898
3374,902
3374,906
3374,910
3374,914
3374,918
3374,922
3374,926
3374,1953
3374,1957
3374,1961
3374,1965
3374,1969
3374,1973
3374,1982
3374,1986
3374,1990
3374,1994
3374,1998
3374,2002
3374,2006
3374,2010
3374,2014
3374,2018
3374,2022
3374,2026
3374,2030
3374,2038
3374,2042
3374,2046
3374,2050
3374,2054
3374,2058
3374,2062
3374,2066
3374,2070
3374,2163
3374,2167
3374,2171
3374,2175
3374,2179
3374,2183
3374,2187
3374,2191
3374,2195
3374,2199
3374,2203
3374,2207
3376,930
3377,1949
3378,686
3378,717
3378,750
3378,782
3378,830
3378,865
3378,898
3378,1984
3378,2016
3378,2050
3378,2191
3380,930
3381,1949
3382,686
3382,717
3382,750
3382,782
3382,830
3382,865
3382,898
3382,1984
3382,2016
3382,2050
3382,2191
3384,930
3385,1949
3386,686
3386,717
3386,750
3386,782
3386,830
3386,865
3386,898
3386,1984
3386,2016
3386,2050
3386,2191
3387,2154
3388,930
3389,1949
3390,686
3390,717
3390,750
3390,782
3390,830
3390,865
3390,898
3390,1984
3390,2016
3390,2050
3390,2191
3391,2154
3392,930
3394,686
3394,717
3394,750
3394,782
3394,830
3394,865
3394,898
3394,2016
3394,2191
3395,2154
3396,930
3398,717
3398,750
3398,782
3398,830
3398,898
3398,1949
3398,2016
3398,2191
3399,1984
3399,2154
3400,930
3400,2050
3401,2122
3402,717
3402,750
3402,782
3402,898
3402,966
3402,1949
3402,2016
3403,1984
3403,2090
3403,2154
3404,930
3404,2050
3405,1918
3405,2122
3406,717
3406,750
3406,782
3406,898
3406,966
3406,1949
3406,2016
3410,700
3410,704
3410,708
3410,712
3410,716
3410,720
3410,724
3410,728
3410,742
3410,746
3410,750
3410,754
3410,758
3410,762
3410,766
3410,770
3410,774
3410,778
3410,782
3410,803
3410,807
3410,811
3410,815
3410,892
3410,896
3410,920
3410,924
3410,928
3410,932
3410,936
3410,940
3410,944
3410,948
3410,952
3410,956
3410,964
3410,968
3410,972
3410,976
3410,1907
3410,1911
3410,1915
3410,1919
3410,1923
3410,1927
3410,1931
3410,1935
3410,1939
3410,1943
3410,1947
3410,1951
3410,1955
3410,1959
3410,1963
3410,1967
3410,1971
3410,1981
3410,1985
3410,1989
3410,1993
3410,1997
3410,2001
3410,2005
3410,2009
3410,2013
3410,2017
3410,2021
3410,2025
3410,2029
3410,2033
3410,2037
3410,2041
3410,2045
3410,2049
3410,2053
3410,2057
3410,2061
3410,2065
3410,2069
3410,2073
3410,2077
3410,2081
3410,2085
3410,2089
3410,2093
3410,2097
3410,2101
3410,2105
3410,2109
3410,2113
3410,2117
3410,2121
3410,2125
3410,2129
3410,2133
3410,2137
3410,2141
3410,2145
3410,2150
3410,2154
3410,2158
3410,2162
3410,2166
3410,2170
3410,2174
3410,2178
3410,2182
3410,2186
3414,717
3414,750
3414,782
3414,898
3414,930
3414,1918
3414,1949
3414,1984
3414,2016
3414,2050
3414,2090
3414,2122
3414,2154
3418,717
3418,750
3418,782
3418,898
3418,930
3418,966
3418,1918
3418,1949
3418,1984
3418,2016
3418,2050
3418,2090
3418,2122
3418,2154
3421,1884
3422,717
3422,750
3422,782
3422,930
3422,966
3422,1918
3422,1949
3422,1984
3422,2016
3422,2050
3422,2090
3422,2122
3422,2154
3423,997
3425,1884
3426,717
3426,750
3426,782
3426,930
3426,966
3426,1918
3426,1949
3426,1984
3426,2016
3426,2050
3426,2090
3426,2122
3426,2154
3427,997
3429,1884
3430,750
3430,782
3430,930
3430,966
3430,1918
3430,1949
3430,1984
3430,2016
3430,2050
3430,2090
3430,2122
3430,2154
3431,997
3433,1884
3434,750
3434,782
3434,930
3434,966
3434,1918
3434,1949
3434,1984
3434,2016
3434,2050
3434,2122
3434,2154
3435,997
3435,1853
3437,1884
3438,750
3438,782
3438,930
3438,966
3438,1918
3438,1949
3438,1984
3438,2016
3438,2050
3438,2122
3438,2154
3439,997
3439,1853
3443,737
3443,741
3443,745
3443,749
3443,753
3443,757
3443,761
3443,765
3443,769
3443,773
3443,777
3443,781
3443,785
3443,789
3443,793
3443,797
3443,801
3443,907
3443,911
3443,915
3443,919
3443,923
3443,927
3443,931
3443,935
3443,939
3443,943
3443,947
3443,951
3443,955
3443,964
3443,968
3443,972
3443,976
3443,980
3443,984
3443,988
3443,992
3443,996
3443,1000
3443,1004
3443,1008
3443,1012
3443,1016
3443,1020
3443,1024
3443,1028
3443,1032
3443,1840
3443,1844
3443,1873
3443,1880
3443,1884
3443,1888
3443,1892
3443,1896
3443,1900
3443,1904
3443,1908
3443,1912
3443,1916
3443,1920
3443,1924
3443,1928
3443,1932
3443,1936
3443,1940
3443,1944
3443,1948
3443,1952
3443,1956
3443,1960
3443,1964
3443,1968
3443,1972
3443,1976
3443,1980
3443,1984
3443,1988
3443,1992
3443,1996
3443,2000
3443,2004
3443,2008
3443,2012
3443,2016
3443,2020
3443,2024
3443,2028
3443,2032
3443,2036
3443,2040
3443,2044
3443,2048
3443,2052
3443,2056
3443,2060
3443,2064
3443,2068
3443,2072
3443,2076
3443,2080
3443,2084
3443,2094
3443,2098
3443,2102
3443,2106
3443,2110
3443,2114
3443,2118
3443,2122
3443,2126
3443,2130
3443,2134
3443,2138
3443,2142
3443,2146
3443,2150
3443,2154
3443,2158
3443,2162
3443,2166
3443,2170
3447,750
3447,782
3447,930
3447,966
3447,997
3447,1028
3447,1884
3447,1949
3447,1984
3447,2016
3447,2050
3447,2122
3447,2154
3450,1853
3451,750
3451,782
3451,930
3451,966
3451,997
3451,1028
3451,1884
3451,1949
3451,1984
3451,2122
3451,2154
3452,1822
3454,1853
3455,750
3455,782
3455,930
3455,966
3455,997
3455,1028
3455,1884
3455,1949
3455,1984
3455,2016
3455,2050
3455,2122
3456,1059
3456,1822
3458,1853
3459,782
3459,930
3459,966
3459,997
3459,1028
3459,1884
3459,1949
3459,1984
3459,2016
3459,2050
3459,2122
3459,2154
3460,1059
3460,1822
3462,1853
3463,782
3463,930
3463,966
3463,997
3463,1028
3463,1884
3463,1949
3463,1984
3463,2016
3463,2050
3463,2122
3463,2154
3464,1059
3464,1822
3465,2090
3466,1791
3466,1853
3467,782
3467,930
3467,966
3467,997
3467,1028
3467,1884
3467,1949
3467,1984
3467,2016
3467,2050
3467,2122
3468,1059
3468,1822
3470,898
3470,1090
3470,1791
3470,1853
3471,782
3471,930
3471,1028
3471,1884
3471,1949
3471,1984
3471,2016
3471,2050
3471,2122
3472,1059
3472,1822
3473,966
3473,1918
3474,898
3474,997
3474,1090
3474,1791
3474,1853
3475,930
3475,1028
3475,1884
3475,1949
3475,1984
3475,2016
3475,2050
3475,2122
3476,1059
3476,1822
3477,966
3477,1918
3478,898
3478,997
3478,1090
3478,1760
3478,1791
3478,1853
3479,930
3479,1028
3479,1884
3479,1949
3479,1984
3479,2016
3479,2050
3479,2122
3480,1059
3480,1822
3484,804
3484,808
3484,812
3484,816
3484,820
3484,886
3484,890
3484,894
3484,898
3484,902
3484,906
3484,910
3484,914
3484,918
3484,922
3484,926
3484,930
3484,934
3484,938
3484,942
3484,946
3484,950
3484,954
3484,963
3484,967
3484,971
3484,975
3484,979
3484,983
3484,987
3484,991
3484,995
3484,999
3484,1003
3484,1007
3484,1011
3484,1015
3484,1019
3484,1023
3484,1027
3484,1031
3484,1035
3484,1039
3484,1043
3484,1047
3484,1051
3484,1055
3484,1059
3484,1063
3484,1067
3484,1076
3484,1080
3484,1084
3484,1088
3484,1092
3484,1096
3484,1100
3484,1104
3484,1108
3484,1112
3484,1116
3484,1749
3484,1753
3484,1757
3484,1761
3484,1765
3484,1769
3484,1773
3484,1777
3484,1781
3484,1785
3484,1789
3484,1793
3484,1797
3484,1801
3484,1810
3484,1814
3484,1818
3484,1822
3484,1826
3484,1830
3484,1834
3484,1838
3484,1842
3484,1846
3484,1850
3484,1854
3484,1858
3484,1866
3484,1870
3484,1874
3484,1878
3484,1882
3484,1886
3484,1890
3484,1894
3484,1898
3484,1902
3484,1906
3484,1910
3484,1914
3484,1918
3484,1922
3484,1926
3484,1930
3484,1934
3484,1938
3484,1942
3484,1946
3484,1950
3484,1954
3484,1958
3484,1962
3484,1966
3484,1970
3484,1974
3484,1978
3484,1982
3484,1986
3484,1990
3484,1994
3484,1998
3484,2002
3484,2006
3484,2010
3484,2014
3484,2018
3484,2022
3484,2026
3484,2030
3484,2034
3484,2038
3484,2042
3484,2046
3484,2050
3484,2054
3484,2058
3484,2062
3484,2066
3484,2070
3484,2074
3484,2078
3484,2082
3484,2092
3484,2096
3484,2100
3484,2104
3484,2108
3484,2112
3484,2116
3484,2120
3484,2124
3488,898
3488,930
3488,966
3488,997
3488,1028
3488,1059
3488,1090
3488,1760
3488,1791
3488,1822
3488,1853
3488,1884
3488,1918
3488,1949
3488,1984
3488,2016
3488,2050
3488,2090
3489,1127
3490,830
3492,898
3492,930
3492,966
3492,997
3492,1028
3492,1059
3492,1090
3492,1760
3492,1791
3492,1822
3492,1853
3492,1884
3492,1918
3492,1949
3492,1984
3492,2016
3492,2050
3492,2090
3493,1127
3494,830
3494,865
3496,898
3496,930
3496,966
3496,997
3496,1028
3496,1059
3496,1090
3496,1822
3496,1853
3496,1884
3496,1918
3496,1949
3496,1984
3496,2016
3496,2050
3496,2090
3497,1127
3498,830
3498,865
3500,898
3500,930
3500,966
3500,997
3500,1028
3500,1059
3500,1090
3500,1884
3500,1918
3500,1949
3500,1984
3500,2016
3500,2050
3500,2090
3501,1127
3501,1728
3501,1791
3502,830
3502,865
3502,1158
3502,1760
3502,1822
3504,898
3504,930
3504,966
3504,997
3504,1028
3504,1059
3504,1090
3504,1884
3504,1984
3504,2016
3504,2050
3504,2090
3505,1127
3505,1728
3505,1791
3505,1853
3506,865
3506,1158
3506,1760
3506,1822
3507,1697
3508,898
3508,930
3508,966
3508,997
3508,1028
3508,1059
3508,1090
3508,1884
3508,1949
3508,1984
3508,2016
3508,2050
3509,1127
3509,1728
3509,1791
3509,1853
3510,865
3510,1158
3510,1760
3510,1822
3511,1697
3512,898
3512,930
3512,966
3512,997
3512,1028
3512,1059
3512,1090
3512,1884
3512,1949
3512,1984
3512,2016
3512,2050
3513,1127
3513,1191
3513,1728
3513,1791
3513,1853
3514,865
3514,1158
3514,1760
3514,1822
3514,1918
3515,1697
3516,898
3516,930
3516,966
3516,997
3516,1028
3516,1059
3516,1090
3516,1884
3516,1949
3516,1984
3516,2016
3516,2050
3517,1127
3517,1191
3517,1728
3517,1791
3517,1853
3518,865
3518,1158
3518,1760
3518,1822
3518,1918
3519,1697
3520,898
3520,930
3520,966
3520,997
3520,1028
3520,1059
3520,1090
3520,1884
3520,1949
3520,1984
3520,2016
3520,2050
3521,1127
3521,1191
3521,1222
3521,1728
3521,1791
3521,1853
3525,856
3525,860
3525,864
3525,868
3525,872
3525,876
3525,880
3525,884
3525,888
3525,892
3525,896
3525,912
3525,916
3525,920
3525,924
3525,928
3525,934
3525,938
3525,942
3525,946
3525,950
3525,963
3525,967
3525,971
3525,975
3525,979
3525,983
3525,987
3525,991
3525,995
3525,999
3525,1003
3525,1007
3525,1019
3525,1023
3525,1027
3525,1031
3525,1035
3525,1039
3525,1043
3525,1047
3525,1051
3525,1055
3525,1059
3525,1063
3525,1077
3525,1081
3525,1085
3525,1089
3525,1093
3525,1097
3525,1101
3525,1105
3525,1109
3525,1113
3525,1117
3525,1121
3525,1127
3525,1132
3525,1136
3525,1140
3525,1144
3525,1148
3525,1152
3525,1156
3525,1160
3525,1164
3525,1168
3525,1172
3525,1176
3525,1180
3525,1184
3525,1188
3525,1192
3525,1196
3525,1200
3525,1204
3525,1208
3525,1212
3525,1216
3525,1220
3525,1224
3525,1228
3525,1662
3525,1666
3525,1670
3525,1674
3525,1678
3525,1682
3525,1686
3525,1690
3525,1694
3525,1698
3525,1702
3525,1706
3525,1710
3525,1714
3525,1718
3525,1722
3525,1726
3525,1730
3525,1734
3525,1738
3525,1742
3525,1746
3525,1750
3525,1754
3525,1758
3525,1762
3525,1766
3525,1770
3525,1774
3525,1778
3525,1782
3525,1786
3525,1790
3525,1794
3525,1798
3525,1802
3525,1806
3525,1810
3525,1814
3525,1818
3525,1822
3525,1826
3525,1830
3525,1834
3525,1838
3525,1842
3525,1846
3525,1850
3525,1854
3525,1865
3525,1869
3525,1873
3525,1877
3525,1881
3525,1885
3525,1889
3525,1893
3525,1897
3525,1901
3525,1905
3525,1909
3525,1913
3525,1917
3525,1921
3525,1925
3525,1929
3525,1933
3525,1937
3525,1941
3525,1945
3525,1949
3525,1953
3525,1957
3525,1961
3525,1965
3525,1969
3525,1973
3525,1977
3525,1981
3525,1985
3525,1989
3525,1993
3525,1997
3525,2001
3525,2005
3525,2009
3525,2013
3525,2017
3525,2021
3525,2025
3525,2029
3525,2033
3525,2037
3525,2041
3525,2045
3525,2049
3525,2053
3525,2057
3525,2061
3525,2065
3525,2069
3529,865
3529,898
3529,930
3529,966
3529,997
3529,1028
3529,1059
3529,1090
3529,1158
3529,1191
3529,1222
3529,1665
3529,1697
3529,1728
3529,1760
3529,1791
3529,1822
3529,1853
3529,1884
3529,1918
3529,1949
3529,1984
3529,2016
3529,2050
3533,898
3533,930
3533,966
3533,997
3533,1028
3533,1059
3533,1090
3533,1158
3533,1191
3533,1222
3533,1665
3533,1697
3533,1728
3533,1760
3533,1791
3533,1822
3533,1853
3533,1884
3533,1949
3533,1984
3533,2016
3533,2050
3534,1634
3535,1259
3536,1127
3536,1918
3537,898
3537,930
3537,966
3537,997
3537,1028
3537,1059
3537,1090
3537,1158
3537,1191
3537,1222
3537,1665
3537,1697
3537,1728
3537,1760
3537,1791
3537,1822
3537,1853
3537,1884
3537,1949
3537,1984
3537,2016
3537,2050
3538,1634
3539,1259
3540,1127
3540,1918
3541,898
3541,930
3541,966
3541,997
3541,1028
3541,1059
3541,1090
3541,1158
3541,1191
3541,1222
3541,1665
3541,1697
3541,1728
3541,1760
3541,1791
3541,1822
3541,1853
3541,1884
3541,1949
3541,1984
3541,2016
3542,1634
3543,1259
3544,1127
3544,1918
3545,898
3545,930
3545,966
3545,997
3545,1028
3545,1059
3545,1090
3545,1158
3545,1191
3545,1222
3545,1665
3545,1697
3545,1728
3545,1760
3545,1791
3545,1822
3545,1853
3545,1884
3545,1949
3545,1984
3545,2016
3546,1599
3547,1259
3547,1295
3548,1127
3548,1918
3549,898
3549,930
3549,966
3549,997
3549,1028
3549,1059
3549,1090
3549,1158
3549,1191
3549,1222
3549,1665
3549,1728
3549,1760
3549,1791
3549,1822
3549,1853
3549,1884
3549,1949
3549,1984
3549,2016
3550,1599
3551,1259
3551,1295
3551,1568
3552,1127
3552,1918
3553,898
3553,930
3553,966
3553,997
3553,1028
3553,1059
3553,1090
3553,1158
3553,1191
3553,1222
3553,1665
3553,1728
3553,1760
3553,1791
3553,1822
3553,1853
3553,1884
3553,1949
3553,1984
3553,2016
3554,1506
3554,1537
3554,1599
3555,1259
3555,1295
3555,1568
3555,1697
3556,1127
3556,1634
3560,901
3560,905
3560,909
3560,913
3560,917
3560,921
3560,925
3560,929
3560,933
3560,937
3560,941
3560,945
3560,949
3560,953
3560,962
3560,966
3560,970
3560,974
3560,978
3560,982
3560,986
3560,990
3560,994
3560,998
3560,1002
3560,1006
3560,1010
3560,1018
3560,1022
3560,1026
3560,1030
3560,1034
3560,1038
3560,1042
3560,1046
3560,1050
3560,1054
3560,1058
3560,1062
3560,1066
3560,1070
3560,1074
3560,1078
3560,1082
3560,1086
3560,1090
3560,1094
3560,1098
3560,1102
3560,1106
3560,1110
3560,1114
3560,1118
3560,1122
3560,1126
3560,1130
3560,1134
3560,1138
3560,1142
3560,1146
3560,1150
3560,1154
3560,1158
3560,1162
3560,1166
3560,1170
3560,1174
3560,1178
3560,1182
3560,1186
3560,1190
3560,1194
3560,1198
3560,1202
3560,1206
3560,1210
3560,1214
3560,1218
3560,1222
3560,1226
3560,1230
3560,1234
3560,1244
3560,1248
3560,1252
3560,1256
3560,1260
3560,1264
3560,1268
3560,1272
3560,1276
3560,1280
3560,1284
3560,1288
3560,1292
3560,1296
3560,1300
3560,1304
3560,1308
3560,1481
3560,1485
3560,1489
3560,1493
3560,1497
3560,1501
3560,1505
3560,1509
3560,1513
3560,1517
3560,1526
3560,1530
3560,1534
3560,1538
3560,1542
3560,1546
3560,1550
3560,1554
3560,1558
3560,1562
3560,1566
3560,1570
3560,1574
3560,1578
3560,1582
3560,1586
3560,1590
3560,1594
3560,1598
3560,1602
3560,1606
3560,1610
3560,1614
3560,1618
3560,1622
3560,1626
3560,1630
3560,1634
3560,1638
3560,1642
3560,1646
3560,1650
3560,1654
3560,1658
3560,1662
3560,1666
3560,1670
3560,1674
3560,1678
3560,1682
3560,1686
3560,1690
3560,1694
3560,1698
3560,1702
3560,1706
3560,1710
3560,1714
3560,1718
3560,1722
3560,1726
3560,1730
3560,1734
3560,1738
3560,1742
3560,1746
3560,1750
3560,1754
3560,1758
3560,1762
3560,1766
3560,1770
3560,1774
3560,1778
3560,1782
3560,1786
3560,1790
3560,1794
3560,1798
3560,1809
3560,1813
3560,1817
3560,1821
3560,1825
3560,1829
3560,1833
3560,1837
3560,1841
3560,1845
3560,1849
3560,1853
3560,1857
3560,1866
3560,1870
3560,1874
3560,1878
3560,1882
3560,1886
3560,1890
3560,1894
3560,1898
3560,1902
3560,1906
3560,1910
3560,1923
3560,1927
3560,1931
3560,1935
3560,1939
3560,1943
3560,1947
3560,1951
3560,1955
3560,1959
3560,1965
3560,1980
3560,1984
3560,1988
3560,1992
3560,1996
3560,2000
3560,2004
3560,2008
3560,2012
3560,2016
3564,930
3564,966
3564,997
3564,1028
3564,1059
3564,1090
3564,1127
3564,1158
3564,1191
3564,1222
3564,1259
3564,1295
3564,1506
3564,1537
3564,1568
3564,1599
3564,1634
3564,1665
3564,1697
3564,1728
3564,1760
3564,1791
3564,1822
3564,1853
3564,1884
3564,1918
3564,1949
3564,1984
3564,2016
3568,930
3568,966
3568,997
3568,1028
3568,1059
3568,1090
3568,1127
3568,1158
3568,1191
3568,1222
3568,1259
3568,1295
3568,1506
3568,1537
3568,1568
3568,1599
3568,1634
3568,1665
3568,1697
3568,1728
3568,1760
3568,1791
3568,1822
3568,1853
3568,1884
3568,1918
3568,1949
3568,1984
3572,930
3572,966
3572,997
3572,1028
3572,1059
3572,1090
3572,1127
3572,1158
3572,1191
3572,1222
3572,1259
3572,1295
3572,1506
3572,1537
3572,1568
3572,1599
3572,1634
3572,1665
3572,1697
3572,1728
3572,1760
3572,1791
3572,1822
3572,1853
3572,1884
3572,1918
3572,1949
3572,1984
3576,930
3576,966
3576,997
3576,1028
3576,1059
3576,1090
3576,1127
3576,1158
3576,1191
3576,1222
3576,1259
3576,1295
3576,1506
3576,1537
3576,1568
3576,1599
3576,1634
3576,1665
3576,1697
3576,1728
3576,1760
3576,1791
3576,1822
3576,1853
3576,1884
3576,1949
3576,1984
3577,1338
3580,930
3580,997
3580,1028
3580,1059
3580,1090
3580,1127
3580,1158
3580,1191
3580,1222
3580,1259
3580,1295
3580,1506
3580,1537
3580,1568
3580,1599
3580,1634
3580,1665
3580,1697
3580,1728
3580,1760
3580,1791
3580,1822
3580,1853
3580,1884
3580,1949
3580,1984
3581,1338
3583,1431
3583,1918
3584,930
3584,966
3584,997
3584,1028
3584,1059
3584,1090
3584,1158
3584,1191
3584,1222
3584,1259
3584,1295
3584,1369
3584,1400
3584,1506
3584,1537
3584,1568
3584,1599
3584,1634
3584,1665
3584,1697
3584,1728
3584,1760
3584,1791
3584,1822
3584,1853
3584,1884
3584,1949
3584,1984
3585,1338
3587,1431
3587,1918
3591,941
3591,945
3591,949
3591,953
3591,961
3591,965
3591,969
3591,973
3591,977
3591,981
3591,985
3591,989
3591,993
3591,997
3591,1001
3591,1005
3591,1009
3591,1016
3591,1020
3591,1024
3591,1028
3591,1032
3591,1036
3591,1040
3591,1044
3591,1048
3591,1052
3591,1056
3591,1060
3591,1064
3591,1068
3591,1072
3591,1076
3591,1080
3591,1084
3591,1088
3591,1092
3591,1096
3591,1100
3591,1104
3591,1108
3591,1112
3591,1116
3591,1120
3591,1131
3591,1135
3591,1139
3591,1143
3591,1147
3591,1151
3591,1155
3591,1159
3591,1163
3591,1167
3591,1171
3591,1175
3591,1179
3591,1188
3591,1192
3591,1196
3591,1200
3591,1204
3591,1208
3591,1212
3591,1216
3591,1220
3591,1224
3591,1228
3591,1232
3591,1236
3591,1244
3591,1248
3591,1252
3591,1256
3591,1260
3591,1264
3591,1268
3591,1272
3591,1276
3591,1280
3591,1284
3591,1288
3591,1302
3591,1306
3591,1310
3591,1314
3591,1318
3591,1322
3591,1326
3591,1330
3591,1334
3591,1338
3591,1342
3591,1346
3591,1360
3591,1364
3591,1368
3591,1372
3591,1376
3591,1380
3591,1384
3591,1388
3591,1392
3591,1396
3591,1400
3591,1404
3591,1412
3591,1416
3591,1420
3591,1424
3591,1428
3591,1432
3591,1436
3591,1440
3591,1444
3591,1448
3591,1452
3591,1456
3591,1460
3591,1470
3591,1474
3591,1478
3591,1482
3591,1486
3591,1490
3591,1494
3591,1498
3591,1502
3591,1506
3591,1510
3591,1514
3591,1518
3591,1522
3591,1526
3591,1530
3591,1534
3591,1538
3591,1542
3591,1546
3591,1550
3591,1554
3591,1558
3591,1562
3591,1566
3591,1570
3591,1574
3591,1578
3591,1582
3591,1586
3591,1590
3591,1594
3591,1598
3591,1602
3591,1606
3591,1610
3591,1614
3591,1618
3591,1622
3591,1626
3591,1630
3591,1634
3591,1638
3591,1642
3591,1646
3591,1650
3591,1654
3591,1658
3591,1662
3591,1666
3591,1670
3591,1674
3591,1678
3591,1682
3591,1686
3591,1690
3591,1694
3591,1698
3591,1702
3591,1706
3591,1710
3591,1714
3591,1718
3591,1722
3591,1726
3591,1730
3591,1734
3591,1738
3591,1742
3591,1746
3591,1750
3591,1754
3591,1758
3591,1762
3591,1766
3591,1770
3591,1774
3591,1778
3591,1782
3591,1786
3591,1790
3591,1794
3591,1798
3591,1802
3591,1806
3591,1810
3591,1814
3591,1818
3591,1822
3591,1826
3591,1830
3591,1834
3591,1838
3591,1842
3591,1846
3591,1850
3591,1854
3591,1863
3591,1867
3591,1871
3591,1875
3591,1879
3591,1883
3591,1887
3591,1891
3591,1895
3591,1899
3591,1903
3591,1907
3591,1911
3591,1915
3591,1919
3591,1923
3591,1927
3591,1931
3591,1935
3591,1939
3591,1943
3591,1947
3591,1951
3591,1955
3591,1959
3591,1963
3591,1967
3591,1971
3595,966
3595,997
3595,1028
3595,1059
3595,1090
3595,1158
3595,1191
3595,1222
3595,1259
3595,1338
3595,1369
3595,1400
3595,1506
3595,1537
3595,1568
3595,1599
3595,1634
3595,1665
3595,1697
3595,1728
3595,1760
3595,1791
3595,1822
3595,1853
3595,1884
3595,1918
3595,1949
3596,1127
3598,1295
3599,966
3599,997
3599,1028
3599,1059
3599,1090
3599,1158
3599,1191
3599,1222
3599,1259
3599,1338
3599,1369
3599,1400
3599,1506
3599,1537
3599,1599
3599,1665
3599,1697
3599,1728
3599,1760
3599,1791
3599,1822
3599,1853
3599,1884
3599,1918
3599,1949
3600,1127
3601,1431
3602,1295
3603,966
3603,997
3603,1028
3603,1059
3603,1090
3603,1158
3603,1191
3603,1222
3603,1259
3603,1338
3603,1369
3603,1400
3603,1506
3603,1537
3603,1599
3603,1665
3603,1697
3603,1728
3603,1760
3603,1791
3603,1822
3603,1853
3603,1884
3603,1949
3604,1127
3605,1431
3605,1568
3607,997
3607,1028
3607,1059
3607,1090
3607,1158
3607,1191
3607,1222
3607,1259
3607,1338
3607,1369
3607,1400
3607,1506
3607,1537
3607,1599
3607,1665
3607,1697
3607,1728
3607,1760
3607,1791
3607,1822
3607,1853
3607,1884
3607,1949
3609,1431
3609,1568
3610,1634
3611,997
3611,1028
3611,1059
3611,1090
3611,1158
3611,1191
3611,1222
3611,1259
3611,1338
3611,1369
3611,1400
3611,1506
3611,1599
3611,1665
3611,1697
3611,1728
3611,1760
3611,1791
3611,1822
3611,1853
3611,1884
3613,1431
3613,1568
3614,1634
3615,997
3615,1028
3615,1059
3615,1090
3615,1127
3615,1158
3615,1191
3615,1222
3615,1338
3615,1369
3615,1400
3615,1506
3615,1599
3615,1665
3615,1697
3615,1728
3615,1760
3615,1791
3615,1822
3615,1853
3615,1884
3617,1431
3617,1568
3618,1634
3619,997
3619,1028
3619,1059
3619,1090
3619,1158
3619,1191
3619,1222
3619,1338
3619,1369
3619,1400
3619,1506
3619,1599
3619,1665
3619,1697
3619,1728
3619,1760
3619,1791
3619,1822
3619,1853
3619,1884
3620,1918
3621,1431
3622,1634
3623,997
3623,1028
3623,1059
3623,1090
3623,1158
3623,1191
3623,1222
3623,1338
3623,1369
3623,1400
3623,1599
3623,1665
3623,1697
3623,1728
3623,1760
3623,1791
3623,1822
3623,1853
3623,1884
3624,1918
3625,1431
3626,1634
3627,1028
3627,1059
3627,1090
3627,1158
3627,1191
3627,1222
3627,1338
3627,1369
3627,1400
3627,1599
3627,1665
3627,1697
3627,1728
3627,1760
3627,1791
3627,1822
3627,1853
3627,1884
3631,1011
3631,1015
3631,1019
3631,1023
3631,1027
3631,1031
3631,1035
3631,1039
3631,1043
3631,1047
3631,1051
3631,1055
3631,1059
3631,1063
3631,1067
3631,1071
3631,1075
3631,1079
3631,1083
3631,1087
3631,1091
3631,1095
3631,1099
3631,1103
3631,1107
3631,1111
3631,1115
3631,1119
3631,1123
3631,1130
3631,1134
3631,1138
3631,1142
3631,1146
3631,1150
3631,1154
3631,1158
3631,1162
3631,1166
3631,1170
3631,1174
3631,1178
3631,1182
3631,1186
3631,1190
3631,1194
3631,1198
3631,1202
3631,1206
3631,1210
3631,1214
3631,1218
3631,1222
3631,1226
3631,1230
3631,1234
3631,1238
3631,1242
3631,1332
3631,1336
3631,1340
3631,1344
3631,1353
3631,1357
3631,1361
3631,1365
3631,1369
3631,1373
3631,1377
3631,1381
3631,1385
3631,1389
3631,1393
3631,1397
3631,1401
3631,1405
3631,1411
3631,1415
3631,1419
3631,1423
3631,1427
3631,1431
3631,1435
3631,1439
3631,1443
3631,1447
3631,1451
3631,1455
3631,1459
3631,1468
3631,1472
3631,1476
3631,1480
3631,1484
3631,1488
3631,1492
3631,1496
3631,1584
3631,1588
3631,1592
3631,1596
3631,1600
3631,1604
3631,1608
3631,1612
3631,1616
3631,1620
3631,1624
3631,1628
3631,1632
3631,1636
3631,1640
3631,1644
3631,1648
3631,1652
3631,1656
3631,1660
3631,1664
3631,1668
3631,1672
3631,1676
3631,1680
3631,1684
3631,1688
3631,1692
3631,1696
3631,1700
3631,1704
3631,1708
3631,1712
3631,1716
3631,1720
3631,1724
3631,1728
3631,1732
3631,1736
3631,1740
3631,1744
3631,1748
3631,1752
3631,1756
3631,1760
3631,1764
3631,1768
3631,1772
3631,1776
3631,1780
3631,1784
3631,1788
3631,1792
3631,1796
3631,1800
3631,1804
3631,1808
3631,1812
3631,1816
3631,1820
3631,1824
3631,1828
3631,1832
3631,1836
3631,1840
3631,1844
3631,1848
3631,1852
3631,1856
3631,1860
3631,1864
3631,1868
3631,1872
3631,1876
3631,1880
3631,1884
3631,1888
3631,1892
3631,1896
3631,1900
3631,1904
3631,1908
3631,1912
3631,1916
3631,1920
3635,1028
3635,1059
3635,1090
3635,1127
3635,1158
3635,1191
3635,1222
3635,1338
3635,1369
3635,1400
3635,1431
3635,1599
3635,1665
3635,1697
3635,1728
3635,1760
3635,1791
3635,1822
3635,1853
3635,1884
3639,1028
3639,1059
3639,1090
3639,1158
3639,1191
3639,1222
3639,1338
3639,1369
3639,1400
3639,1431
3639,1599
3639,1665
3639,1697
3639,1728
3639,1760
3639,1791
3639,1822
3639,1853
3639,1884
3643,1059
3643,1090
3643,1158
3643,1191
3643,1222
3643,1338
3643,1369
3643,1400
3643,1431
3643,1599
3643,1665
3643,1697
3643,1728
3643,1760
3643,1791
3643,1822
3643,1853
3643,1884
3647,1059
3647,1090
3647,1158
3647,1191
3647,1222
3647,1338
3647,1369
3647,1400
3647,1431
3647,1599
3647,1634
3647,1665
3647,1697
3647,1728
3647,1760
3647,1791
3647,1822
3647,1853
3647,1884
3648,1127
3651,1059
3651,1090
3651,1158
3651,1191
3651,1222
3651,1338
3651,1369
3651,1400
3651,1431
3651,1599
3651,1634
3651,1665
3651,1697
3651,1728
3651,1760
3651,1791
3651,1822
3651,1853
3652,1127
3655,1059
3655,1090
3655,1158
3655,1191
3655,1222
3655,1338
3655,1369
3655,1400
3655,1431
3655,1599
3655,1665
3655,1697
3655,1728
3655,1760
3655,1791
3655,1822
3655,1853
3656,1127
3659,1090
3659,1158
3659,1191
3659,1222
3659,1338
3659,1369
3659,1400
3659,1431
3659,1665
3659,1697
3659,1728
3659,1760
3659,1791
3659,1822
3659,1853
3663,1070
3663,1074
3663,1078
3663,1082
3663,1086
3663,1090
3663,1094
3663,1098
3663,1102
3663,1106
3663,1110
3663,1114
3663,1118
3663,1122
3663,1126
3663,1130
3663,1134
3663,1138
3663,1142
3663,1146
3663,1150
3663,1154
3663,1158
3663,1162
3663,1166
3663,1170
3663,1174
3663,1178
3663,1182
3663,1186
3663,1190
3663,1194
3663,1198
3663,1202
3663,1206
3663,1210
3663,1214
3663,1218
3663,1222
3663,1226
3663,1230
3663,1234
3663,1337
3663,1341
3663,1345
3663,1349
3663,1353
3663,1357
3663,1361
3663,1365
3663,1369
3663,1373
3663,1377
3663,1381
3663,1385
3663,1389
3663,1393
3663,1397
3663,1401
3663,1405
3663,1409
3663,1413
3663,1417
3663,1421
3663,1425
3663,1429
3663,1433
3663,1437
3663,1441
3663,1445
3663,1449
3663,1453
3663,1457
3663,1461
3663,1466
3663,1470
3663,1474
3663,1478
3663,1482
3663,1486
3663,1592
3663,1596
3663,1600
3663,1604
3663,1608
3663,1612
3663,1616
3663,1620
3663,1638
3663,1642
3663,1646
3663,1650
3663,1654
3663,1658
3663,1662
3663,1666
3663,1670
3663,1674
3663,1678
3663,1682
3663,1694
3663,1698
3663,1702
3663,1706
3663,1710
3663,1714
3663,1718
3663,1722
3663,1726
3663,1730
3663,1734
3663,1738
3663,1751
3663,1755
3663,1759
3663,1763
3663,1767
3663,1771
3663,1775
3663,1779
3663,1783
3663,1787
3663,1791
3663,1795
3663,1810
3663,1814
3663,1818
3663,1822
3663,1826
3663,1830
3663,1834
3663,1838
3663,1842
3663,1846
3663,1850
3665,1634
3667,1090
3667,1127
3667,1158
3667,1191
3667,1222
3667,1338
3667,1369
3667,1400
3667,1431
3667,1599
3667,1665
3667,1697
3667,1728
3667,1760
3667,1791
3667,1822
3669,1634
3671,1090
3671,1127
3671,1158
3671,1191
3671,1222
3671,1338
3671,1369
3671,1400
3671,1431
3671,1599
3671,1665
3671,1697
3671,1728
3671,1760
3671,1791
3671,1822
3673,1634
3675,1090
3675,1127
3675,1158
3675,1191
3675,1222
3675,1338
3675,1369
3675,1400
3675,1431
3675,1599
3675,1665
3675,1697
3675,1728
3675,1760
3675,1791
3675,1822
3677,1634
3679,1127
3679,1158
3679,1191
3679,1222
3679,1338
3679,1369
3679,1400
3679,1431
3679,1599
3679,1665
3679,1697
3679,1728
3679,1760
3679,1791
3680,1463
3681,1634
3683,1127
3683,1158
3683,1191
3683,1222
3683,1338
3683,1369
3683,1400
3683,1431
3683,1599
3683,1665
3683,1697
3683,1728
3683,1760
3683,1791
3684,1463
3685,1634
3687,1127
3687,1158
3687,1191
3687,1222
3687,1338
3687,1369
3687,1400
3687,1431
3687,1599
3687,1665
3687,1697
3687,1728
3687,1760
3688,1463
3689,1634
3691,1127
3691,1158
3691,1191
3691,1222
3691,1338
3691,1369
3691,1400
3691,1431
3691,1599
3691,1665
3691,1697
3691,1728
3691,1760
3695,1129
3695,1133
3695,1137
3695,1141
3695,1145
3695,1149
3695,1153
3695,1157
3695,1161
3695,1165
3695,1169
3695,1173
3695,1177
3695,1186
3695,1190
3695,1194
3695,1198
3695,1202
3695,1206
3695,1210
3695,1214
3695,1218
3695,1222
3695,1226
3695,1230
3695,1234
3695,1238
3695,1242
3695,1246
3695,1250
3695,1254
3695,1317
3695,1321
3695,1325
3695,1329
3695,1333
3695,1337
3695,1341
3695,1345
3695,1349
3695,1353
3695,1357
3695,1361
3695,1365
3695,1369
3695,1373
3695,1377
3695,1381
3695,1385
3695,1389
3695,1393
3695,1397
3695,1401
3695,1405
3695,1409
3695,1413
3695,1417
3695,1421
3695,1425
3695,1429
3695,1433
3695,1437
3695,1441
3695,1445
3695,1449
3695,1453
3695,1457
3695,1461
3695,1465
3695,1469
3695,1473
3695,1477
3695,1481
3695,1485
3695,1489
3695,1493
3695,1497
3695,1501
3695,1579
3695,1583
3695,1587
3695,1591
3695,1595
3695,1599
3695,1603
3695,1607
3695,1611
3695,1615
3695,1619
3695,1623
3695,1627
3695,1631
3695,1635
3695,1639
3695,1643
3695,1647
3695,1651
3695,1655
3695,1659
3695,1663
3695,1667
3695,1671
3695,1675
3695,1679
3695,1683
3695,1691
3695,1695
3695,1699
3695,1703
3695,1707
3695,1711
3695,1715
3695,1719
3695,1723
3695,1727
3695,1731
3695,1735
3695,1739
3695,1743
3695,1747
3695,1751
3695,1755
3695,1759
3695,1763
3695,1767
3696,1259
3698,1506
3699,1158
3699,1191
3699,1222
3699,1338
3699,1369
3699,1400
3699,1431
3699,1463
3699,1599
3699,1634
3699,1665
3699,1697
3699,1728
3699,1760
3700,1259
3702,1506
3703,1158
3703,1191
3703,1222
3703,1338
3703,1369
3703,1400
3703,1431
3703,1463
3703,1568
3703,1599
3703,1634
3703,1665
3703,1697
3703,1728
3704,1259
3706,1506
3707,1158
3707,1191
3707,1222
3707,1338
3707,1431
3707,1568
3707,1599
3707,1634
3707,1665
3707,1697
3707,1728
3708,1259
3708,1369
3710,1295
3710,1506
3711,1191
3711,1222
3711,1338
3711,1400
3711,1431
3711,1568
3711,1599
3711,1665
3711,1697
3712,1259
3712,1369
3714,1295
3714,1506
3714,1537
3715,1191
3715,1222
3715,1338
3715,1400
3715,1431
3715,1568
3715,1599
3715,1665
3715,1697
3716,1259
3716,1369
3718,1295
3718,1506
3718,1537
3719,1222
3719,1338
3719,1400
3719,1431
3719,1568
3719,1599
3719,1665
3720,1259
3720,1369
3721,1634
3722,1295
3722,1506
3722,1537
3723,1338
3723,1400
3723,1431
3723,1568
3723,1599
3724,1259
3724,1369
3725,1634
3726,1295
3726,1506
3726,1537
3727,1338
3727,1400
3727,1431
3727,1568
3727,1599
3728,1369
3730,1295
3730,1506
3730,1537
3731,1338
3731,1400
3731,1431
3731,1568
3731,1599
3732,1369
3734,1295
3734,1506
3734,1537
3735,1338
3735,1400
3735,1431
3735,1568
3736,1369
3738,1506
3738,1537
3739,1338
3739,1400
3739,1431
3740,1369
3743,1400
3743,1431
3744,1369
3747,1400
